==================================================
STEAL A EGG - TARGETED DISCOVERY SCANNER
MODE: READ-ONLY
NO REMOTES INVOKED
TIMESTAMP: 2026-10-01T13:32:06Z
==================================================

===== LOCAL PLAYER =====
Player: mackyhohohoho
UserId: 9521640019
Character: mackyhohohoho

===== PLAYER ATTRIBUTES =====
AreaId = Cherry Blossom
CashPackAmount1 = 24000
CashPackAmount2 = 200000
CashPackAmount3 = 800000
CashPackAmount4 = 4000000
CashPackAmount5 = 8000000
CashPackGroup = Control
CashPackQuoteRevision = 1
CashPacksReady = true
FriendsInServer = 0
InScrambleArena = true
JoinTick = 1790858610.177037
MonetizationAvatarMarketplaceValue = 0
MonetizationLuckyGamepassOwned = false
MonetizationRobuxSpentTotal = 0
MonetizationX2MoneyGamepassOwned = false
ProfileReady = true
RagdollEndTime = 1790861371.930058
ScrambleCountdownReturningPlayer = true
ShopVersionChanged = false
__UG = true
__UG_NEW = false

===== CHARACTER =====
Character: Workspace.mackyhohohoho
Character attributes:
    ScrambleRagdollUntil = 15688.511171312999
Humanoid properties:
    WalkSpeed = 252.71429443359375
    JumpPower = 50.14500427246094
    JumpHeight = 7.199999809265137
    Health = 37.5 / 100
    HipHeight = 2.0979037284851074
    PlatformStand = false
    Sit = false

===== LEADERSTATS =====
Money/s = 32396884280 [NumberValue]
Speed = 13188098582 [NumberValue]

===== IMPORTANT PLAYER VALUES =====
Players.mackyhohohoho.leaderstats.Money/s = 32396884280
Players.mackyhohohoho.leaderstats.Speed = 13188098582

===== CURRENT STATE =====
AreaId = Cherry Blossom
ProfileReady = true
IsOnTreadmill not found
RagdollEndTime = 1790861371.930058

===== NETWORKING OVERVIEW =====
Accept [RemoteEvent]
AdEggBoostConfigResult [RemoteEvent]
AdGrowthBoostResult [RemoteEvent]
AdResult [RemoteEvent]
AskAdGrowthBoost [RemoteFunction]
BeeLauncherRemote [RemoteEvent]
CmdrEvent [RemoteEvent]
CmdrFunction [RemoteFunction]
Fps [RemoteEvent]
GetPlacementInfo [RemoteFunction]
LibMPDevice [RemoteEvent]
LibMPFrame [RemoteEvent]
LibMPRequired [RemoteEvent]
LibMPRequiring [RemoteEvent]
LiveRequest [RemoteEvent]
LiveResponse [RemoteEvent]
LogTelemetry [RemoteEvent]
LogTelemetry [RemoteEvent]
RE/Alerts/Raise [RemoteEvent]
RE/AwayEarnings/Redeemed [RemoteEvent]
RE/AwayEarnings/SummaryRefreshed [RemoteEvent]
RE/BanjoCricket/Aim [RemoteEvent]
RE/BanjoCricket/Effect [RemoteEvent]
RE/BanjoCricket/Squish [RemoteEvent]
RE/BatSwing/Trigger [RemoteEvent]
RE/Bloomery/AskStrikeTree [RemoteEvent]
RE/Bloomery/CutsceneOpened [RemoteEvent]
RE/Bloomery/PetalsGathered [RemoteEvent]
RE/BossEvent/BlackHoleHit [RemoteEvent]
RE/BossEvent/BossDamaged [RemoteEvent]
RE/BossEvent/HazardHit [RemoteEvent]
RE/BossEvent/HealthShifted [RemoteEvent]
RE/BossEvent/StateShifted [RemoteEvent]
RE/BossEvent/Vfx [RemoteEvent]
RE/Broadcasts/RaiseNotice [RemoteEvent]
RE/ChatFeed/Post [RemoteEvent]
RE/DanceGadget/AskDance [RemoteEvent]
RE/DanceGadget/AttachEffect [RemoteEvent]
RE/DanceGadget/DetachEffect [RemoteEvent]
RE/DanceGadget/EmitSfx [RemoteEvent]
RE/EggCapture/CutsceneBegan [RemoteEvent]
RE/EggCapture/StandingsRefreshed [RemoteEvent]
RE/EggWorld/FieldEggBatchShifted [RemoteEvent]
RE/EggWorld/FieldEggCarry [RemoteEvent]
RE/EggWorld/FieldEggCycleCountdown [RemoteEvent]
RE/EggWorld/FieldEggGone [RemoteEvent]
RE/EggWorld/FieldEggRaritiesShown [RemoteEvent]
RE/EggWorld/FieldEggRedeemVerdict [RemoteEvent]
RE/EggWorld/FieldEggShifted [RemoteEvent]
RE/EggWorld/OwnerDropped [RemoteEvent]
RE/EggWorld/OwnerShifted [RemoteEvent]
RE/FuseBiome/PortalTransition [RemoteEvent]
RE/GearSatchel/Gained [RemoteEvent]
RE/GearSatchel/Lost [RemoteEvent]
RE/Gifting/Completed [RemoteEvent]
RE/Gifting/PromptFinished [RemoteEvent]
RE/Gifting/Received [RemoteEvent]
RE/GravityDisruptor/AskPlace [RemoteEvent]
RE/GravityDisruptor/Burst [RemoteEvent]
RE/GuardOnboarding/LiveStateShifted [RemoteEvent]
RE/GuardPatrol/EnabledShifted [RemoteEvent]
RE/GuardPatrol/ForestHandoff [RemoteEvent]
RE/GuardPatrol/ForestStrike [RemoteEvent]
RE/GuardPatrol/Rouse [RemoteEvent]
RE/GuardPatrol/SpeedTollOffer [RemoteEvent]
RE/GuardPatrol/SpeedTollWarning [RemoteEvent]
RE/GunGadget/AskDischarge [RemoteEvent]
RE/GunGadget/DropCaster [RemoteEvent]
RE/Homestead/AskBaseTierRaise [RemoteEvent]
RE/Homestead/AskLobbyHop [RemoteEvent]
RE/Homestead/AskNearbyPurchase [RemoteEvent]
RE/Homestead/BaseTierRaised [RemoteEvent]
RE/Homestead/DimBaseOutline [RemoteEvent]
RE/Homestead/LitBaseOutline [RemoteEvent]
RE/Homestead/StateShifted [RemoteEvent]
RE/IdleRescue/AskRescueHop [RemoteEvent]
RE/IdleRescue/SubmitIdleFlag [RemoteEvent]
RE/LaserGadget/AskDischarge [RemoteEvent]
RE/LaserGadget/EmitBeam [RemoteEvent]
RE/LaserGadget/EmitSfx [RemoteEvent]
RE/Leaderboards/Updated [RemoteEvent]
RE/Lifecycle/BeginShutdown [RemoteEvent]
RE/LightVsDarkness/AskClaimMilestone [RemoteEvent]
RE/LightVsDarkness/AskCollectPowerUp [RemoteEvent]
RE/LightVsDarkness/AskCollectRing [RemoteEvent]
RE/LightVsDarkness/AskSelectTeam [RemoteEvent]
RE/LightVsDarkness/PowerUpCollected [RemoteEvent]
RE/LightVsDarkness/PowerUpsCleared [RemoteEvent]
RE/LightVsDarkness/PowerUpsDropped [RemoteEvent]
RE/LightVsDarkness/PowerUpsSky [RemoteEvent]
RE/LightVsDarkness/RingCollected [RemoteEvent]
RE/LightVsDarkness/RingRespawned [RemoteEvent]
RE/LightVsDarkness/RingsCleared [RemoteEvent]
RE/LightVsDarkness/RingsSpawned [RemoteEvent]
RE/LightVsDarkness/ScoreChanged [RemoteEvent]
RE/LightVsDarkness/Struck [RemoteEvent]
RE/LimitedTimePopups/ShowLimitedTimePopup [RemoteEvent]
RE/Limpness/WriteLimpness [RemoteEvent]
RE/LiveEvents/Began [RemoteEvent]
RE/LiveEvents/Ended [RemoteEvent]
RE/LuckWindow/StateRefreshed [RemoteEvent]
RE/MagnetGadget/AskTug [RemoteEvent]
RE/MagnetGadget/EmitBeam [RemoteEvent]
RE/MagnetGadget/EmitTargetFx [RemoteEvent]
RE/MagnetGadget/HaltBeam [RemoteEvent]
RE/MagnetGadget/HaltTargetFx [RemoteEvent]
RE/MegaphoneGadget/CloseEffectWindow [RemoteEvent]
RE/MegaphoneGadget/EmitFx [RemoteEvent]
RE/MegaphoneGadget/EmitSfx [RemoteEvent]
RE/MegaphoneGadget/OpenEffectWindow [RemoteEvent]
RE/MegaphoneGadget/Rouse [RemoteEvent]
RE/MineTrap/AskPlace [RemoteEvent]
RE/MineTrap/AttachOutline [RemoteEvent]
RE/MineTrap/TrapSet [RemoteEvent]
RE/MonsterEvent/PlaySFX [RemoteEvent]
RE/MonsterEvent/WinPartsUpdated [RemoteEvent]
RE/MonsterEvent/WinsUpdated [RemoteEvent]
RE/MonsterParasite/AskFullChargeReset [RemoteEvent]
RE/MonsterParasite/AskGrowthSwap [RemoteEvent]
RE/MonsterParasite/ChestOpened [RemoteEvent]
RE/MonsterParasite/EventStateShifted [RemoteEvent]
RE/MonsterParasite/FeedSettled [RemoteEvent]
RE/MonsterParasite/StateShifted [RemoteEvent]
RE/PassGrants/Awarded [RemoteEvent]
RE/Payouts/Shower [RemoteEvent]
RE/PenRoster/CoinsGathered [RemoteEvent]
RE/PenRoster/OwnerDropped [RemoteEvent]
RE/PenRoster/OwnerShifted [RemoteEvent]
RE/PetSatchel/SellEveryPet [RemoteEvent]
RE/PetSatchel/SellPet [RemoteEvent]
RE/PetSatchel/SellSelection [RemoteEvent]
RE/PetSatchel/WriteFavourite [RemoteEvent]
RE/Preferences/PreferenceShifted [RemoteEvent]
RE/ProfileMirror/ProfileDelta [RemoteEvent]
RE/Referrals/InviteLanded [RemoteEvent]
RE/RewardScreen/Show [RemoteEvent]
RE/Rift/BannerRotated [RemoteEvent]
RE/RigSync/AskRigWipe [RemoteEvent]
RE/RigSync/CorrectionBegan [RemoteEvent]
RE/RigSync/Primed [RemoteEvent]
RE/RigSync/ProbeSatchel [RemoteEvent]
RE/RigSync/Refresh [RemoteEvent]
RE/RigSync/SeedSatchel [RemoteEvent]
RE/RollbackRewards/ShowNotice [RemoteEvent]
RE/SammyEvent/AskCollectPickup [RemoteEvent]
RE/SammyEvent/BomberRow [RemoteEvent]
RE/SammyEvent/ElephantCharge [RemoteEvent]
RE/SammyEvent/PickupCollected [RemoteEvent]
RE/SammyEvent/PickupRespawned [RemoteEvent]
RE/SammyEvent/PickupsCleared [RemoteEvent]
RE/SammyEvent/PickupsSpawned [RemoteEvent]
RE/Scramble/Collect [RemoteEvent]
RE/Scramble/Drones [RemoteEvent]
RE/Scramble/Drops [RemoteEvent]
RE/Scramble/Effect [RemoteEvent]
RE/Scramble/RemoveDrops [RemoteEvent]
RE/Scramble/State [RemoteEvent]
RE/ScrambleBoss/Fx [RemoteEvent]
RE/ScrambleBoss/Hazard [RemoteEvent]
RE/ScrambleBoss/HazardHit [RemoteEvent]
RE/ScrambleBoss/Transition [RemoteEvent]
RE/ScrambleTradeIn/BannerRotated [RemoteEvent]
RE/SharedFx/JoltOnce [RemoteEvent]
RE/ShrineFusion/Feedback [RemoteEvent]
RE/ShrineFusion/Ritual [RemoteEvent]
RE/ShrineFusion/StateChanged [RemoteEvent]
RE/SoundBus/EmitSound [RemoteEvent]
RE/StaffConsole/GrantSelfEgg [RemoteEvent]
RE/StaffConsole/GrantSelfPet [RemoteEvent]
RE/StaffConsole/GrantVerdict [RemoteEvent]
RE/StaffConsole/ProbeStaffStatus [RemoteEvent]
RE/StaffConsole/SpeedPowerVerdict [RemoteEvent]
RE/StaffConsole/StaffVerdict [RemoteEvent]
RE/StaffConsole/WipeSelfProfile [RemoteEvent]
RE/StaffConsole/WipeVerdict [RemoteEvent]
RE/StaffConsole/WriteSpeedPower [RemoteEvent]
RE/StaffConsole/WriteWalkSpeed [RemoteEvent]
RE/Storefront/Awarded [RemoteEvent]
RE/Storefront/PurchaseRejected [RemoteEvent]
RE/Storefront/PurchaseSettled [RemoteEvent]
RE/Storefront/ReceiptCleared [RemoteEvent]
RE/SwapGadget/AskSwap [RemoteEvent]
RE/SwapGadget/EmitFx [RemoteEvent]
RE/SwapGadget/EmitSfx [RemoteEvent]
RE/Telemetry/SubmitIdleState [RemoteEvent]
RE/Toasts/Line [RemoteEvent]
RE/ToolTrigger/Trigger [RemoteEvent]
RE/Trailwear/WornTrailShifted [RemoteEvent]
RE/TrapPlacement/AskPlace [RemoteEvent]
RE/Treadmill/AssignedBeltShifted [RemoteEvent]
RE/Treadmill/OverlaySnapshot [RemoteEvent]
RE/Treadmill/RefreshClipCursor [RemoteEvent]
RE/Treadmill/RenderStateShifted [RemoteEvent]
RE/Treadmill/SpeedGained [RemoteEvent]
RE/Treadmill/SubmitClipView [RemoteEvent]
RE/Treadmill/ViewStateShifted [RemoteEvent]
RE/Trials/Refresh [RemoteEvent]
RE/Voting/Vote [RemoteEvent]
RE/Whodunnit/RoundShifted [RemoteEvent]
RE/ZoneProbe/AnchorForZone [RemoteEvent]
RF/AwayEarnings/AskCollect [RemoteFunction]
RF/AwayEarnings/FetchSummary [RemoteFunction]
RF/AwayEarnings/PendingCheck [RemoteFunction]
RF/BanjoCricket/AskClaim [RemoteFunction]
RF/Bloomery/AskBriefingConfirm [RemoteFunction]
RF/Bloomery/AskCraneReturn [RemoteFunction]
RF/Bloomery/AskEjectEgg [RemoteFunction]
RF/Bloomery/AskGatherPetal [RemoteFunction]
RF/Bloomery/AskHandoff [RemoteFunction]
RF/Bloomery/AskLoadEgg [RemoteFunction]
RF/Bloomery/AskMutate [RemoteFunction]
RF/BossEvent/AskEnter [RemoteFunction]
RF/BossEvent/AskSnapshot [RemoteFunction]
RF/BossMastery/AskBuyShopItem [RemoteFunction]
RF/BossMastery/AskClaimMilestone [RemoteFunction]
RF/BossMastery/AskUseMutationConsumable [RemoteFunction]
RF/Codex/AskRedeem [RemoteFunction]
RF/Codex/AskRedeemAll [RemoteFunction]
RF/Codex/AskRedeemLimitedEgg [RemoteFunction]
RF/Codex/AskWearFieldBat [RemoteFunction]
RF/EggWorld/AskDoffTool [RemoteFunction]
RF/EggWorld/AskEggRecord [RemoteFunction]
RF/EggWorld/AskFieldEggCarry [RemoteFunction]
RF/EggWorld/AskFieldEggDrop [RemoteFunction]
RF/EggWorld/AskFieldEggRarityShows [RemoteFunction]
RF/EggWorld/AskFieldEggSnapshot [RemoteFunction]
RF/EggWorld/AskFinishHatch [RemoteFunction]
RF/EggWorld/AskHatch [RemoteFunction]
RF/EggWorld/AskLiveSnapshot [RemoteFunction]
RF/EggWorld/AskPlaceEgg [RemoteFunction]
RF/EggWorld/AskSkipGrowth [RemoteFunction]
RF/EggWorld/AskWearTool [RemoteFunction]
RF/Fusery/BeginFuse [RemoteFunction]
RF/Fusery/ConfirmBriefing [RemoteFunction]
RF/Fusery/EjectPet [RemoteFunction]
RF/Fusery/FinishReveal [RemoteFunction]
RF/Fusery/LoadPet [RemoteFunction]
RF/Gifting/AskGift [RemoteFunction]
RF/GroupPerk/RedeemPerk [RemoteFunction]
RF/GuardOnboarding/AskLiveState [RemoteFunction]
RF/GuardOnboarding/AskProgressSync [RemoteFunction]
RF/GuardPatrol/AskEnabled [RemoteFunction]
RF/Haul/FetchAutoSell [RemoteFunction]
RF/Haul/FetchWearBestStatus [RemoteFunction]
RF/Haul/OfferFullSatchelSale [RemoteFunction]
RF/Haul/WearBest [RemoteFunction]
RF/Haul/WriteAutoSell [RemoteFunction]
RF/Homestead/AskState [RemoteFunction]
RF/Leaderboards/Fetch [RemoteFunction]
RF/LightVsDarkness/FetchPowerUps [RemoteFunction]
RF/LightVsDarkness/FetchRings [RemoteFunction]
RF/LightVsDarkness/FetchScore [RemoteFunction]
RF/LiveEvents/FetchCatalogue [RemoteFunction]
RF/LiveEvents/FetchRecurringEta [RemoteFunction]
RF/LiveEvents/FetchRunning [RemoteFunction]
RF/LiveEvents/FetchScheduled [RemoteFunction]
RF/LuckWindow/FetchState [RemoteFunction]
RF/MonsterEvent/GetWinParts [RemoteFunction]
RF/MonsterEvent/GetWins [RemoteFunction]
RF/MonsterEvent/RequestTeleport [RemoteFunction]
RF/MonsterParasite/AskChestClaim [RemoteFunction]
RF/MonsterParasite/AskChestRevealComplete [RemoteFunction]
RF/MonsterParasite/AskChestTake [RemoteFunction]
RF/MonsterParasite/AskFeed [RemoteFunction]
RF/MonsterParasite/AskSnapshot [RemoteFunction]
RF/OnboardingQuestline/AskAcknowledge [RemoteFunction]
RF/OnboardingQuestline/AskClaim [RemoteFunction]
RF/PenRoster/AskDoff [RemoteFunction]
RF/PenRoster/AskLiveSnapshot [RemoteFunction]
RF/PenRoster/AskSale [RemoteFunction]
RF/PenRoster/AskWear [RemoteFunction]
RF/PenRoster/AskWearLimit [RemoteFunction]
RF/PenRoster/ConfirmEquipBestBadge [RemoteFunction]
RF/PenRoster/ConfirmPetsBadge [RemoteFunction]
RF/Preferences/AskWrite [RemoteFunction]
RF/ProfileMirror/FetchProfile [RemoteFunction]
RF/Rift/AskFinishReveal [RemoteFunction]
RF/Rift/AskRefresh [RemoteFunction]
RF/Rift/AskState [RemoteFunction]
RF/Rift/AskTradeIn [RemoteFunction]
RF/RigSync/Reconcile [RemoteFunction]
RF/SammyEvent/FetchPickups [RemoteFunction]
RF/Scramble/Request [RemoteFunction]
RF/ScrambleBoss/EnterArena [RemoteFunction]
RF/ScrambleTradeIn/AskFinishReveal [RemoteFunction]
RF/ScrambleTradeIn/AskRefresh [RemoteFunction]
RF/ScrambleTradeIn/AskState [RemoteFunction]
RF/ScrambleTradeIn/AskTradeIn [RemoteFunction]
RF/SeasonBanner/FetchState [RemoteFunction]
RF/SeasonBanner/FlagSeen [RemoteFunction]
RF/ShopCta/FetchState [RemoteFunction]
RF/ShopCta/FlagSeen [RemoteFunction]
RF/ShrineFusion/AskState [RemoteFunction]
RF/ShrineFusion/AskSubmit [RemoteFunction]
RF/Storefront/AllowPurchase [RemoteFunction]
RF/Storefront/AskPurchaseOffer [RemoteFunction]
RF/Storefront/AskServerProbe [RemoteFunction]
RF/Telemetry/AskIdleHopFlush [RemoteFunction]
RF/Telemetry/SubmitIdleHop [RemoteFunction]
RF/Trailwear/AskChoose [RemoteFunction]
RF/Trailwear/AskDoff [RemoteFunction]
RF/Trailwear/AskPurchase [RemoteFunction]
RF/Trailwear/AskWornSnapshot [RemoteFunction]
RF/Treadmill/AskClipFavour [RemoteFunction]
RF/Treadmill/AskDoff [RemoteFunction]
RF/Treadmill/AskFavourSnapshot [RemoteFunction]
RF/Treadmill/AskFriendFavourSnapshot [RemoteFunction]
RF/Treadmill/AskPostReply [RemoteFunction]
RF/Treadmill/AskRenderSnapshot [RemoteFunction]
RF/Treadmill/AskReplyCounts [RemoteFunction]
RF/Treadmill/AskReplyFavour [RemoteFunction]
RF/Treadmill/AskReplyPage [RemoteFunction]
RF/Treadmill/AskSlowToggle [RemoteFunction]
RF/Treadmill/AskSlowToggleSet [RemoteFunction]
RF/Treadmill/AskTierRaise [RemoteFunction]
RF/Treadmill/AskWearStill [RemoteFunction]
RF/Treadmill/GaugeClipLength [RemoteFunction]
RF/Trials/Fetch [RemoteFunction]
RemoteEvent [RemoteEvent]
Request [RemoteFunction]
ShowAd [RemoteEvent]
TrapRemote [RemoteEvent]
Update [RemoteEvent]
Update [RemoteEvent]
Update [RemoteEvent]

===== EGGWORLD NETWORKING =====
Packages found: ReplicatedStorage.Packages
Networking found: ReplicatedStorage.Packages.Networking
RE: 9 found
RF: 12 found

===== EGGWORLD RE =====
RE/EggWorld/FieldEggBatchShifted [RemoteEvent]
RE/EggWorld/FieldEggCarry [RemoteEvent]
RE/EggWorld/FieldEggCycleCountdown [RemoteEvent]
RE/EggWorld/FieldEggGone [RemoteEvent]
RE/EggWorld/FieldEggRaritiesShown [RemoteEvent]
RE/EggWorld/FieldEggRedeemVerdict [RemoteEvent]
RE/EggWorld/FieldEggShifted [RemoteEvent]
RE/EggWorld/OwnerDropped [RemoteEvent]
RE/EggWorld/OwnerShifted [RemoteEvent]

===== EGGWORLD RF =====
RF/EggWorld/AskDoffTool [RemoteFunction]
RF/EggWorld/AskEggRecord [RemoteFunction]
RF/EggWorld/AskFieldEggCarry [RemoteFunction]
RF/EggWorld/AskFieldEggDrop [RemoteFunction]
RF/EggWorld/AskFieldEggRarityShows [RemoteFunction]
RF/EggWorld/AskFieldEggSnapshot [RemoteFunction]
RF/EggWorld/AskFinishHatch [RemoteFunction]
RF/EggWorld/AskHatch [RemoteFunction]
RF/EggWorld/AskLiveSnapshot [RemoteFunction]
RF/EggWorld/AskPlaceEgg [RemoteFunction]
RF/EggWorld/AskSkipGrowth [RemoteFunction]
RF/EggWorld/AskWearTool [RemoteFunction]

===== BOSS EVENT NETWORKING =====

===== BOSSEVENT RE =====
RE/BossEvent/BlackHoleHit [RemoteEvent]
RE/BossEvent/BossDamaged [RemoteEvent]
RE/BossEvent/HazardHit [RemoteEvent]
RE/BossEvent/HealthShifted [RemoteEvent]
RE/BossEvent/StateShifted [RemoteEvent]
RE/BossEvent/Vfx [RemoteEvent]

===== BOSSEVENT RF =====
RF/BossEvent/AskEnter [RemoteFunction]
RF/BossEvent/AskSnapshot [RemoteFunction]

===== BOSS MASTERY RF =====
RF/BossMastery/AskBuyShopItem [RemoteFunction]
RF/BossMastery/AskClaimMilestone [RemoteFunction]
RF/BossMastery/AskUseMutationConsumable [RemoteFunction]

===== KNOWN EGG ROOTS =====
[FOUND] ReplicatedStorage.Assets -> Folder
    Billboards [Folder]
    EggPoof [Part]
    Extra [Folder]
    Models [Folder]
    MoneyChange [Frame]
    Orb [Part]
    Particles [Folder]
    SammyEventVisuals [Folder]
    ScrambleCurrency [Part]
    Sounds [Folder]
    SpawnLock [Model]
    SubBiomeBuilds [Folder]
    ToolEffects [Folder]
    ToolSounds [Folder]
    Trails [Folder]
    UI [Folder]
    VFX [Folder]

[FOUND] ReplicatedStorage.Assets.Models -> Folder
    BuckPiles [Folder]
    ClaimArea [Part]
    EMPCoin [MeshPart]
    EMPCoinOld [MeshPart]
    Eggs [Folder]
    MonsterParasite [Folder]
    Orbs [Folder]
    Pointers [Folder]
    PowerUps [Folder]
    Rings [Folder]
    Sakura [Folder]
    Scramble [Folder]
    Treadmills [Folder]

[FOUND] ReplicatedStorage.Assets.Models.Eggs -> Folder
    67 [Model]
    67 OP [Model]
    Abyss Overlord [Model]
    Aetheron [Model]
    Alabaster Whale [Model]
    Alien Skeleton Boss [Model]
    Ankylosaurus [Model]
    ArchAngel [Model]
    Archdemon Dragon [Model]
    Ascended Vermilion Phoenix [Model]
    Ash Gecko [Model]
    Baby Aurora Dragon [Model]
    Balrog [Model]
    Bananita Dolphinita [Model]
    Basilisk [Model]
    Bear [Model]
    Belula Beluga [Model]
    Biohazard Egg [Model]
    Blade Head [Model]
    Bomboclat Crocolat [Model]
    Boss Egg [Model]
    Bronto [Model]
    Brr Brr Patapim [Model]
    Burrowing Owl [Model]
    Camel [Model]
    Catfish [Model]
    Cave Dragon [Model]
    Centapede [Model]
    Centaur [Model]
    Cerberus [Model]
    Chicken [Model]
    Chillin Chilli [Model]
    Chimpanzee [Model]
    Citadel Snail [Model]
    Colossal Mammoth [Model]
    Crab [Model]
    Crane [Model]
    Crocodile [Model]
    Crystal Egg [Model]
    Cyclops Gorilla [Model]
    Dark Gargoyle [Model]
    DeathstalkerScorpion [Model]
    Demon Hound [Model]
    Demon Imp [Model]
    Depths Egg [Model]
    Depths Reroll Egg [Model]
    DesertLark [Model]
    Dodo [Model]
    Dog [Model]
    Dove [Model]
    Dragon [Model]
    Dream Axolotl [Model]
    Drill Monster [Model]
    Duckling [Model]
    El Maja [Model]
    Ember Dragon [Model]
    Equinox [Model]
    Eternal Lunar Dragon [Model]
    Experiment Egg [Model]
    Extinction Egg [Model]
    Eye Bat [Model]
    FennecFox [Model]
    Finned Thresher [Model]
    Flame Sprite [Model]
    Flaming Bull [Model]
    Frog [Model]
    Galaxy Gecko [Model]
    Godzilla [Model]
    Gorilla [Model]
    Hellhound [Model]
    Ice Dragon [Model]
    Imp [Model]
    Irihorus [Model]
    Jellyfish [Model]
    Jerboa [Model]
    Kaiju Spider [Model]
    King Kong [Model]
    Kitsune [Model]
    Koi [Model]
    Kraken [Model]
    La Vacca Saturno Saturnita [Model]
    Lamb [Model]
    Lava Iguana [Model]
    Lava frog [Model]
    LimitedExperimentEgg [Model]
    LimitedTimeExperimentPet [Model]
    Mammoth [Model]
    Mangolini Parrochini [Model]
    Mantis [Model]
    Mecha Egg [Model]
    Mecha Scrambler [Model]
    Mire Fox [Model]
    Monster Egg [Model]
    Monstrous Egg [Model]
    Mosasaurus [Model]
    Moth [Model]
    Nibbles #013 [Model]
    Oni Tiger [Model]
    Orangutini Ananassini [Model]
    Orca [Model]
    Parrotfish [Model]
    Peacock [Model]
    Pegasus [Model]
    Penguin [Model]
    Pink Dragon Experiment [Model]
    Polar Bear [Model]
    Pterodactyl [Model]
    Raccoon [Model]
    Rattlesnake [Model]
    RazorFang [Model]
    Red Panda [Model]
    Rhino [Model]
    Riftbeasts Egg [Model]
    Riftborn Egg [Model]
    Ring Guard [Model]
    Ringlord [Model]
    Sabertooth Tiger [Model]
    Salamander [Model]
    Sand Spider [Model]
    ScorchedDragon [Model]
    Shadow Dragon [Model]
    Shark [Model]
    Shattered Rift Egg [Model]
    Skeletal Egg [Model]
    Skeleton Horse [Model]
    Snowy Owl [Model]
    Spider [Model]
    Stag [Model]
    Strawberry Elephant [Model]
    Swan [Model]
    Swordfish [Model]
    Tiger [Model]
    ToSwap [Folder]
    Tob Tobi Tob Tob [Model]
    Toro [Model]
    Toucan [Model]
    Toxic Crocodile [Model]
    Toxic Hedgehog [Model]
    Toxic Hedgehog OP [Model]
    Tralaledon [Model]
    Triceratops [Model]
    Trulimero Trulicina [Model]
    Tung Tung Sahur [Model]
    Turtle [Model]
    TyrannosaurusRex [Model]
    Uncoiled Armadillo [Model]
    Unicorn [Model]
    Unstable [Model]
    Void Dragon [Model]
    Walrus [Model]
    Warden [Model]
    Whale Shark [Model]
    World Burner [Model]
    Yeti [Model]

[FOUND] ReplicatedStorage.Packages -> Folder
    CameraShaker [ModuleScript]
    Configs [Folder]
    FormatNumber [Folder]
    Input [ModuleScript]
    InstanceCache [ModuleScript]
    Log [ModuleScript]
    Networking [ModuleScript]
    Promise [ModuleScript]
    Shake [ModuleScript]
    Signal [ModuleScript]
    Spring [ModuleScript]
    Streamable [ModuleScript]
    TableUtil [ModuleScript]
    TestEz [ModuleScript]
    Timer [ModuleScript]
    TopBarPlus [ModuleScript]
    Trove [ModuleScript]
    WaitFor [ModuleScript]
    _Index [Folder]
    t [ModuleScript]

===== WORKSPACE TARGETED ROOTS =====
[FOUND] Workspace.Plots [Folder]
    1 [Model]
    2 [Model]
    3 [Model]
    4 [Model]
    5 [Model]
    6 [Model]
    7 [Model]

[FOUND] Workspace.Eggs [Folder]
    (empty)

[FOUND] Workspace.Map [Folder]
    Decal [Decal]

[FOUND] Workspace.__ClientTreadmillRenders [Folder]
    TreadmillRender_1 [Tool]

[FOUND] Workspace.ClientRenderedAssets [Folder]
    11676639186_12c146d73c7340e1a28354d10a8f243f [Model]  -->  (Player UserId: 11676639186 | EggUid: 12c146d73c7340e1a28354d10a8f243f)
    11676639186_34b392e1a9a442909cdad9df687f8264 [Model]  -->  (Player UserId: 11676639186 | EggUid: 34b392e1a9a442909cdad9df687f8264)
    11676639186_655cd77c7420408da6b5f153a8c05269 [Model]  -->  (Player UserId: 11676639186 | EggUid: 655cd77c7420408da6b5f153a8c05269)
    8554467384_0eeb2da817124fada727562a2aefec09 [Model]  -->  (Player UserId: 8554467384 | EggUid: 0eeb2da817124fada727562a2aefec09)
    8554467384_46124a938ad44046811efb876c7ec1fa [Model]  -->  (Player UserId: 8554467384 | EggUid: 46124a938ad44046811efb876c7ec1fa)
    8554467384_6138ed018e0f4a4ebb6f31a5202dc685 [Model]  -->  (Player UserId: 8554467384 | EggUid: 6138ed018e0f4a4ebb6f31a5202dc685)
    8554467384_a05337dc8ff04a609172416122711169 [Model]  -->  (Player UserId: 8554467384 | EggUid: a05337dc8ff04a609172416122711169)
    8554467384_a16bf68318054e54acd1dd731b2719ce [Model]  -->  (Player UserId: 8554467384 | EggUid: a16bf68318054e54acd1dd731b2719ce)
    8554467384_f2178b8bb54e4b27941aedf1c6a3da91 [Model]  -->  (Player UserId: 8554467384 | EggUid: f2178b8bb54e4b27941aedf1c6a3da91)
    8554467384_fc0b8278cdb2488f92f276c192594e62 [Model]  -->  (Player UserId: 8554467384 | EggUid: fc0b8278cdb2488f92f276c192594e62)
    9217575693_008e8dad824e422a988ac1ecfa4300fc [Model]  -->  (Player UserId: 9217575693 | EggUid: 008e8dad824e422a988ac1ecfa4300fc)
    9217575693_0ab0092decc545df9ae3e4b45124d30e [Model]  -->  (Player UserId: 9217575693 | EggUid: 0ab0092decc545df9ae3e4b45124d30e)
    9217575693_1739caea65454aedbf9a7b92d3d45703 [Model]  -->  (Player UserId: 9217575693 | EggUid: 1739caea65454aedbf9a7b92d3d45703)
    9217575693_19bd3b5240c944f0a75b666b12208614 [Model]  -->  (Player UserId: 9217575693 | EggUid: 19bd3b5240c944f0a75b666b12208614)
    9217575693_3787f090b8eb43b1ae866c65a67de75d [Model]  -->  (Player UserId: 9217575693 | EggUid: 3787f090b8eb43b1ae866c65a67de75d)
    9217575693_51b7eb5ebc634ba697d1fe10542cadd4 [Model]  -->  (Player UserId: 9217575693 | EggUid: 51b7eb5ebc634ba697d1fe10542cadd4)
    9217575693_5d3a12c4425b4a5fb5b624943b20fa50 [Model]  -->  (Player UserId: 9217575693 | EggUid: 5d3a12c4425b4a5fb5b624943b20fa50)
    9217575693_8d07991f04194e789e9c9b89ee5e6abf [Model]  -->  (Player UserId: 9217575693 | EggUid: 8d07991f04194e789e9c9b89ee5e6abf)
    9217575693_9928ddb83f7348bcb9304e22b85ce04c [Model]  -->  (Player UserId: 9217575693 | EggUid: 9928ddb83f7348bcb9304e22b85ce04c)
    9217575693_bb4eed128f64499c8774bcb5e097ff93 [Model]  -->  (Player UserId: 9217575693 | EggUid: bb4eed128f64499c8774bcb5e097ff93)
    9217575693_be23b76bc183400c822ffdad0f79ef72 [Model]  -->  (Player UserId: 9217575693 | EggUid: be23b76bc183400c822ffdad0f79ef72)
    9217575693_d9aae57f5a484ce18177ea666bf5fb75 [Model]  -->  (Player UserId: 9217575693 | EggUid: d9aae57f5a484ce18177ea666bf5fb75)
    9217575693_e56521fee6b9423db838534a75e5443d [Model]  -->  (Player UserId: 9217575693 | EggUid: e56521fee6b9423db838534a75e5443d)
    9217575693_e6745a4811f94946beebc09bf852d477 [Model]  -->  (Player UserId: 9217575693 | EggUid: e6745a4811f94946beebc09bf852d477)
    9217575693_e7130377932747c18f8914e4aea19d72 [Model]  -->  (Player UserId: 9217575693 | EggUid: e7130377932747c18f8914e4aea19d72)
    9217575693_f728606506624408a4308d9e6121718d [Model]  -->  (Player UserId: 9217575693 | EggUid: f728606506624408a4308d9e6121718d)
    9521640019_0628d9e46ed44c70829b19994bba18bc [Model]  -->  (Player UserId: 9521640019 | EggUid: 0628d9e46ed44c70829b19994bba18bc)
    9521640019_1554e3be5a264ae6aef30fcec268fead [Model]  -->  (Player UserId: 9521640019 | EggUid: 1554e3be5a264ae6aef30fcec268fead)
    9521640019_1cb265064a9f4d51bf0dfa5060bbc61c [Model]  -->  (Player UserId: 9521640019 | EggUid: 1cb265064a9f4d51bf0dfa5060bbc61c)
    9521640019_2c5a24013ca54003bc96adff8a512bad [Model]  -->  (Player UserId: 9521640019 | EggUid: 2c5a24013ca54003bc96adff8a512bad)
    9521640019_31dd50d53324478e9b808fb7ec0ca1ab [Model]  -->  (Player UserId: 9521640019 | EggUid: 31dd50d53324478e9b808fb7ec0ca1ab)
    9521640019_347f59c52dee48d6ab07ec4518056b42 [Model]  -->  (Player UserId: 9521640019 | EggUid: 347f59c52dee48d6ab07ec4518056b42)
    9521640019_45f4ec7731534d76854f54d38cee2876 [Model]  -->  (Player UserId: 9521640019 | EggUid: 45f4ec7731534d76854f54d38cee2876)
    9521640019_51ef8cf38d98482b92190a2312fa4275 [Model]  -->  (Player UserId: 9521640019 | EggUid: 51ef8cf38d98482b92190a2312fa4275)
    9521640019_6c65a8e053c84b23b63c22e5e6a50ede [Model]  -->  (Player UserId: 9521640019 | EggUid: 6c65a8e053c84b23b63c22e5e6a50ede)
    9521640019_93f68f731dd748198f387e72cf044117 [Model]  -->  (Player UserId: 9521640019 | EggUid: 93f68f731dd748198f387e72cf044117)
    9521640019_9ac72ce108d54cad93c1b9c7fdd30857 [Model]  -->  (Player UserId: 9521640019 | EggUid: 9ac72ce108d54cad93c1b9c7fdd30857)
    9521640019_a0813246c406439e85c2ca2124d5c5c1 [Model]  -->  (Player UserId: 9521640019 | EggUid: a0813246c406439e85c2ca2124d5c5c1)
    9521640019_b94ea4cb1a4a4225a93e6c516bd11af5 [Model]  -->  (Player UserId: 9521640019 | EggUid: b94ea4cb1a4a4225a93e6c516bd11af5)
    9521640019_cd19158f1d3e47c1ac9a346c3ce25ddc [Model]  -->  (Player UserId: 9521640019 | EggUid: cd19158f1d3e47c1ac9a346c3ce25ddc)
    9521640019_d510402aaa9b45d0b9670334bec6f43b [Model]  -->  (Player UserId: 9521640019 | EggUid: d510402aaa9b45d0b9670334bec6f43b)
    9521640019_e90277e653984656981f2d7d87e737ab [Model]  -->  (Player UserId: 9521640019 | EggUid: e90277e653984656981f2d7d87e737ab)
    9521640019_f1a14615aace400aa1a4fd6d152d370f [Model]  -->  (Player UserId: 9521640019 | EggUid: f1a14615aace400aa1a4fd6d152d370f)
    9521640019_f8c89e24ac7b4b4c8b3f84d066dafbaf [Model]  -->  (Player UserId: 9521640019 | EggUid: f8c89e24ac7b4b4c8b3f84d066dafbaf)

[FOUND] Workspace.World [Folder]
    Areas [Folder]
    Build [Folder]
    DeliveryHitbox [Part]
    GroupReward [Part]
    InvisibleRenderSpace [Part]
    Leaderboards [Folder]
    Machines [Folder]
    MapPivot [Part]
    MonsterParasiteMarkers [Folder]
    RegularLobby [Model]
    SecretZones [Folder]
    Sentries [Folder]
    TowerEnd [Part]

===== EGG OBJECT DISCOVERY =====
Scanning root: Workspace
[Attachment] Workspace.World.Machines.RiftMachine.Rift.MainScreen.EggSpawn
[Model] Workspace.World.Machines.FuseMachine
[Model] Workspace.World.Machines.FuseMachine.Fuse Machine Model
[MeshPart] Workspace.World.Machines.FuseMachine.Fuse Machine Model.Meshes/Steal an Egg Fuse Machine_Cube.004
[MeshPart] Workspace.World.Machines.FuseMachine.Fuse Machine Model.Meshes/Steal an Egg Fuse Machine_Cube.002
[MeshPart] Workspace.World.Machines.FuseMachine.Fuse Machine Model.Meshes/Steal an Egg Fuse Machine_Cylinder.012
[MeshPart] Workspace.World.Machines.FuseMachine.Fuse Machine Model.Meshes/Steal an Egg Fuse Machine_Cube.003
[MeshPart] Workspace.World.Machines.FuseMachine.Fuse Machine Model.Meshes/Steal an Egg Fuse Machine_Cube.017
[Part] Workspace.World.Machines.FuseMachine.Fuse Machine Model.Meshes/Steal an Egg Fuse Machine_Cube.038
[Model] Workspace.World.Machines.FuseMachine.EmitFuse
[Folder] Workspace.World.Areas.GuardAreas
[Model] Workspace.World.Areas.GuardAreas.Forest.Nests
[Model] Workspace.World.Areas.GuardAreas.Forest.Nests.NestModel
[Part] Workspace.World.Areas.GuardAreas.Forest.Nests.NestModel.EggSpotBottom
[Part] Workspace.World.Areas.GuardAreas.Forest.Nests.NestModel.EggFitBounds
[Model] Workspace.World.Areas.GuardAreas.Forest.Nests.NestModel
[Part] Workspace.World.Areas.GuardAreas.Forest.Nests.NestModel.EggSpotBottom
[Part] Workspace.World.Areas.GuardAreas.Forest.Nests.NestModel.EggFitBounds
[Model] Workspace.World.Areas.GuardAreas.Forest.Nests.NestModel
[Part] Workspace.World.Areas.GuardAreas.Forest.Nests.NestModel.EggSpotBottom
[Part] Workspace.World.Areas.GuardAreas.Forest.Nests.NestModel.EggFitBounds
[Model] Workspace.World.Areas.GuardAreas.Forest.Nests.NestModel
[Part] Workspace.World.Areas.GuardAreas.Forest.Nests.NestModel.EggSpotBottom
[Part] Workspace.World.Areas.GuardAreas.Forest.Nests.NestModel.EggFitBounds
[Model] Workspace.World.Areas.GuardAreas.Forest.Nests.NestModel
[Part] Workspace.World.Areas.GuardAreas.Forest.Nests.NestModel.EggFitBounds
[Part] Workspace.World.Areas.GuardAreas.Forest.Nests.NestModel.EggSpotBottom
[Model] Workspace.World.Areas.GuardAreas.Forest.ForestGuardAuthored
[Part] Workspace.World.Areas.GuardAreas.Forest.ForestGuardAuthored.EggPoint
[Model] Workspace.World.Areas.GuardAreas.Forest.Guard
[Part] Workspace.World.Areas.GuardAreas.Forest.Guard.EggPoint
[Model] Workspace.World.Areas.GuardAreas.Light Dark.Nests
[Model] Workspace.World.Areas.GuardAreas.Light Dark.Nests.NestModel
[Part] Workspace.World.Areas.GuardAreas.Light Dark.Nests.NestModel.EggFitBounds
[Part] Workspace.World.Areas.GuardAreas.Light Dark.Nests.NestModel.EggSpotBottom
[Model] Workspace.World.Areas.GuardAreas.Light Dark.Nests.NestModel
[Part] Workspace.World.Areas.GuardAreas.Light Dark.Nests.NestModel.EggSpotBottom
[Part] Workspace.World.Areas.GuardAreas.Light Dark.Nests.NestModel.EggFitBounds
[Model] Workspace.World.Areas.GuardAreas.Light Dark.Nests.NestModel
[Part] Workspace.World.Areas.GuardAreas.Light Dark.Nests.NestModel.EggFitBounds
[Part] Workspace.World.Areas.GuardAreas.Light Dark.Nests.NestModel.EggSpotBottom
[Model] Workspace.World.Areas.GuardAreas.Light Dark.Nests.NestModel
[Part] Workspace.World.Areas.GuardAreas.Light Dark.Nests.NestModel.EggFitBounds
[Part] Workspace.World.Areas.GuardAreas.Light Dark.Nests.NestModel.EggSpotBottom
[Model] Workspace.World.Areas.GuardAreas.Light Dark.Nests.NestModel
[Part] Workspace.World.Areas.GuardAreas.Light Dark.Nests.NestModel.EggSpotBottom
[Part] Workspace.World.Areas.GuardAreas.Light Dark.Nests.NestModel.EggFitBounds
[Model] Workspace.World.Areas.GuardAreas.Light Dark.Guard
[Part] Workspace.World.Areas.GuardAreas.Light Dark.Guard.EggPoint
[Model] Workspace.World.Areas.GuardAreas.Abyss Ocean.Nests
[Model] Workspace.World.Areas.GuardAreas.Abyss Ocean.Nests.NestModel
[Part] Workspace.World.Areas.GuardAreas.Abyss Ocean.Nests.NestModel.EggFitBounds
[Part] Workspace.World.Areas.GuardAreas.Abyss Ocean.Nests.NestModel.EggSpotBottom
[Model] Workspace.World.Areas.GuardAreas.Abyss Ocean.Nests.NestModel
[Part] Workspace.World.Areas.GuardAreas.Abyss Ocean.Nests.NestModel.EggFitBounds
[Part] Workspace.World.Areas.GuardAreas.Abyss Ocean.Nests.NestModel.EggSpotBottom
[Model] Workspace.World.Areas.GuardAreas.Abyss Ocean.Nests.NestModel
[Part] Workspace.World.Areas.GuardAreas.Abyss Ocean.Nests.NestModel.EggFitBounds
[Part] Workspace.World.Areas.GuardAreas.Abyss Ocean.Nests.NestModel.EggSpotBottom
[Model] Workspace.World.Areas.GuardAreas.Abyss Ocean.Nests.NestModel
[Part] Workspace.World.Areas.GuardAreas.Abyss Ocean.Nests.NestModel.EggSpotBottom
[Part] Workspace.World.Areas.GuardAreas.Abyss Ocean.Nests.NestModel.EggFitBounds
[Model] Workspace.World.Areas.GuardAreas.Abyss Ocean.Nests.NestModel
[Part] Workspace.World.Areas.GuardAreas.Abyss Ocean.Nests.NestModel.EggFitBounds
[Part] Workspace.World.Areas.GuardAreas.Abyss Ocean.Nests.NestModel.EggSpotBottom
[Model] Workspace.World.Areas.GuardAreas.Abyss Ocean.Guard
[Part] Workspace.World.Areas.GuardAreas.Abyss Ocean.Guard.EggPoint
[Model] Workspace.World.Areas.GuardAreas.Titan Temple.Nests
[Model] Workspace.World.Areas.GuardAreas.Titan Temple.Nests.NestModel
[Part] Workspace.World.Areas.GuardAreas.Titan Temple.Nests.NestModel.EggSpotBottom
[Part] Workspace.World.Areas.GuardAreas.Titan Temple.Nests.NestModel.EggFitBounds
[Model] Workspace.World.Areas.GuardAreas.Titan Temple.Nests.NestModel
[Part] Workspace.World.Areas.GuardAreas.Titan Temple.Nests.NestModel.EggSpotBottom
[Part] Workspace.World.Areas.GuardAreas.Titan Temple.Nests.NestModel.EggFitBounds
[Model] Workspace.World.Areas.GuardAreas.Titan Temple.Nests.NestModel
[Part] Workspace.World.Areas.GuardAreas.Titan Temple.Nests.NestModel.EggSpotBottom
[Part] Workspace.World.Areas.GuardAreas.Titan Temple.Nests.NestModel.EggFitBounds
[Model] Workspace.World.Areas.GuardAreas.Titan Temple.Nests.NestModel
[Part] Workspace.World.Areas.GuardAreas.Titan Temple.Nests.NestModel.EggFitBounds
[Part] Workspace.World.Areas.GuardAreas.Titan Temple.Nests.NestModel.EggSpotBottom
[Model] Workspace.World.Areas.GuardAreas.Titan Temple.Nests.NestModel
[Part] Workspace.World.Areas.GuardAreas.Titan Temple.Nests.NestModel.EggFitBounds
[Part] Workspace.World.Areas.GuardAreas.Titan Temple.Nests.NestModel.EggSpotBottom
[Model] Workspace.World.Areas.GuardAreas.Titan Temple.Guard
[Part] Workspace.World.Areas.GuardAreas.Titan Temple.Guard.EggPoint
[Model] Workspace.World.Areas.GuardAreas.Volcano.Nests
[Model] Workspace.World.Areas.GuardAreas.Volcano.Nests.NestModel
[Part] Workspace.World.Areas.GuardAreas.Volcano.Nests.NestModel.EggSpotBottom
[Part] Workspace.World.Areas.GuardAreas.Volcano.Nests.NestModel.EggFitBounds
[Model] Workspace.World.Areas.GuardAreas.Volcano.Nests.NestModel
[Part] Workspace.World.Areas.GuardAreas.Volcano.Nests.NestModel.EggFitBounds
[Part] Workspace.World.Areas.GuardAreas.Volcano.Nests.NestModel.EggSpotBottom
[Model] Workspace.World.Areas.GuardAreas.Volcano.Nests.NestModel
[Part] Workspace.World.Areas.GuardAreas.Volcano.Nests.NestModel.EggFitBounds
[Part] Workspace.World.Areas.GuardAreas.Volcano.Nests.NestModel.EggSpotBottom
[Model] Workspace.World.Areas.GuardAreas.Volcano.Nests.NestModel
[Part] Workspace.World.Areas.GuardAreas.Volcano.Nests.NestModel.EggSpotBottom
[Part] Workspace.World.Areas.GuardAreas.Volcano.Nests.NestModel.EggFitBounds
[Model] Workspace.World.Areas.GuardAreas.Volcano.Nests.NestModel
[Part] Workspace.World.Areas.GuardAreas.Volcano.Nests.NestModel.EggFitBounds
[Part] Workspace.World.Areas.GuardAreas.Volcano.Nests.NestModel.EggSpotBottom
[Model] Workspace.World.Areas.GuardAreas.Volcano.Guard
[Part] Workspace.World.Areas.GuardAreas.Volcano.Guard.EggPoint
[Model] Workspace.World.Areas.GuardAreas.Lake.Nests
[Model] Workspace.World.Areas.GuardAreas.Lake.Nests.NestModel
[Part] Workspace.World.Areas.GuardAreas.Lake.Nests.NestModel.EggFitBounds
[Part] Workspace.World.Areas.GuardAreas.Lake.Nests.NestModel.EggSpotBottom
[Model] Workspace.World.Areas.GuardAreas.Lake.Nests.NestModel
[Part] Workspace.World.Areas.GuardAreas.Lake.Nests.NestModel.EggSpotBottom
[Part] Workspace.World.Areas.GuardAreas.Lake.Nests.NestModel.EggFitBounds
[Model] Workspace.World.Areas.GuardAreas.Lake.Nests.NestModel
[Part] Workspace.World.Areas.GuardAreas.Lake.Nests.NestModel.EggSpotBottom
[Part] Workspace.World.Areas.GuardAreas.Lake.Nests.NestModel.EggFitBounds
[Model] Workspace.World.Areas.GuardAreas.Lake.Nests.NestModel
[Part] Workspace.World.Areas.GuardAreas.Lake.Nests.NestModel.EggFitBounds
[Part] Workspace.World.Areas.GuardAreas.Lake.Nests.NestModel.EggSpotBottom
[Model] Workspace.World.Areas.GuardAreas.Lake.Nests.NestModel
[Part] Workspace.World.Areas.GuardAreas.Lake.Nests.NestModel.EggFitBounds
[Part] Workspace.World.Areas.GuardAreas.Lake.Nests.NestModel.EggSpotBottom
[Model] Workspace.World.Areas.GuardAreas.Lake.Guard
[Part] Workspace.World.Areas.GuardAreas.Lake.Guard.EggPoint
[Model] Workspace.World.Areas.GuardAreas.Desert.Nests
[Model] Workspace.World.Areas.GuardAreas.Desert.Nests.NestModel
[Part] Workspace.World.Areas.GuardAreas.Desert.Nests.NestModel.EggFitBounds
[Part] Workspace.World.Areas.GuardAreas.Desert.Nests.NestModel.EggSpotBottom
[Model] Workspace.World.Areas.GuardAreas.Desert.Nests.NestModel
[Part] Workspace.World.Areas.GuardAreas.Desert.Nests.NestModel.EggSpotBottom
[Part] Workspace.World.Areas.GuardAreas.Desert.Nests.NestModel.EggFitBounds
[Model] Workspace.World.Areas.GuardAreas.Desert.Nests.NestModel
[Part] Workspace.World.Areas.GuardAreas.Desert.Nests.NestModel.EggSpotBottom
[Part] Workspace.World.Areas.GuardAreas.Desert.Nests.NestModel.EggFitBounds
[Model] Workspace.World.Areas.GuardAreas.Desert.Nests.NestModel
[Part] Workspace.World.Areas.GuardAreas.Desert.Nests.NestModel.EggSpotBottom
[Part] Workspace.World.Areas.GuardAreas.Desert.Nests.NestModel.EggFitBounds
[Model] Workspace.World.Areas.GuardAreas.Desert.Nests.NestModel
[Part] Workspace.World.Areas.GuardAreas.Desert.Nests.NestModel.EggSpotBottom
[Part] Workspace.World.Areas.GuardAreas.Desert.Nests.NestModel.EggFitBounds
[Model] Workspace.World.Areas.GuardAreas.Desert.Guard
[Part] Workspace.World.Areas.GuardAreas.Desert.Guard.EggPoint
[Model] Workspace.World.Areas.GuardAreas.Jungle.Nests
[Model] Workspace.World.Areas.GuardAreas.Jungle.Nests.NestModel
[Part] Workspace.World.Areas.GuardAreas.Jungle.Nests.NestModel.EggFitBounds
[Part] Workspace.World.Areas.GuardAreas.Jungle.Nests.NestModel.EggSpotBottom
[Model] Workspace.World.Areas.GuardAreas.Jungle.Nests.NestModel
[Part] Workspace.World.Areas.GuardAreas.Jungle.Nests.NestModel.EggFitBounds
[Part] Workspace.World.Areas.GuardAreas.Jungle.Nests.NestModel.EggSpotBottom
[Model] Workspace.World.Areas.GuardAreas.Jungle.Nests.NestModel
[Part] Workspace.World.Areas.GuardAreas.Jungle.Nests.NestModel.EggSpotBottom
[Part] Workspace.World.Areas.GuardAreas.Jungle.Nests.NestModel.EggFitBounds
[Model] Workspace.World.Areas.GuardAreas.Jungle.Nests.NestModel
[Part] Workspace.World.Areas.GuardAreas.Jungle.Nests.NestModel.EggFitBounds
[Part] Workspace.World.Areas.GuardAreas.Jungle.Nests.NestModel.EggSpotBottom
[Model] Workspace.World.Areas.GuardAreas.Jungle.Nests.NestModel
[Part] Workspace.World.Areas.GuardAreas.Jungle.Nests.NestModel.EggFitBounds
[Part] Workspace.World.Areas.GuardAreas.Jungle.Nests.NestModel.EggSpotBottom
[Model] Workspace.World.Areas.GuardAreas.Jungle.Guard
[Part] Workspace.World.Areas.GuardAreas.Jungle.Guard.EggPoint
[Model] Workspace.World.Areas.GuardAreas.Cosmic.Nests
[Model] Workspace.World.Areas.GuardAreas.Cosmic.Nests.NestModel
[Part] Workspace.World.Areas.GuardAreas.Cosmic.Nests.NestModel.EggSpotBottom
[Part] Workspace.World.Areas.GuardAreas.Cosmic.Nests.NestModel.EggFitBounds
[Model] Workspace.World.Areas.GuardAreas.Cosmic.Nests.NestModel
[Part] Workspace.World.Areas.GuardAreas.Cosmic.Nests.NestModel.EggSpotBottom
[Part] Workspace.World.Areas.GuardAreas.Cosmic.Nests.NestModel.EggFitBounds
[Model] Workspace.World.Areas.GuardAreas.Cosmic.Nests.NestModel
[Part] Workspace.World.Areas.GuardAreas.Cosmic.Nests.NestModel.EggSpotBottom
[Part] Workspace.World.Areas.GuardAreas.Cosmic.Nests.NestModel.EggFitBounds
[Model] Workspace.World.Areas.GuardAreas.Cosmic.Nests.NestModel
[Part] Workspace.World.Areas.GuardAreas.Cosmic.Nests.NestModel.EggSpotBottom
[Part] Workspace.World.Areas.GuardAreas.Cosmic.Nests.NestModel.EggFitBounds
[Model] Workspace.World.Areas.GuardAreas.Cosmic.Nests.NestModel
[Part] Workspace.World.Areas.GuardAreas.Cosmic.Nests.NestModel.EggFitBounds
[Part] Workspace.World.Areas.GuardAreas.Cosmic.Nests.NestModel.EggSpotBottom
[Model] Workspace.World.Areas.GuardAreas.Cosmic.Guard
[Part] Workspace.World.Areas.GuardAreas.Cosmic.Guard.EggPoint
[Model] Workspace.World.Areas.GuardAreas.Prehistoric.Nests
[Model] Workspace.World.Areas.GuardAreas.Prehistoric.Nests.NestModel
[Part] Workspace.World.Areas.GuardAreas.Prehistoric.Nests.NestModel.EggSpotBottom
[Part] Workspace.World.Areas.GuardAreas.Prehistoric.Nests.NestModel.EggFitBounds
[Model] Workspace.World.Areas.GuardAreas.Prehistoric.Nests.NestModel
[Part] Workspace.World.Areas.GuardAreas.Prehistoric.Nests.NestModel.EggSpotBottom
[Part] Workspace.World.Areas.GuardAreas.Prehistoric.Nests.NestModel.EggFitBounds
[Model] Workspace.World.Areas.GuardAreas.Prehistoric.Nests.NestModel
[Part] Workspace.World.Areas.GuardAreas.Prehistoric.Nests.NestModel.EggSpotBottom
[Part] Workspace.World.Areas.GuardAreas.Prehistoric.Nests.NestModel.EggFitBounds
[Model] Workspace.World.Areas.GuardAreas.Prehistoric.Nests.NestModel
[Part] Workspace.World.Areas.GuardAreas.Prehistoric.Nests.NestModel.EggFitBounds
[Part] Workspace.World.Areas.GuardAreas.Prehistoric.Nests.NestModel.EggSpotBottom
[Model] Workspace.World.Areas.GuardAreas.Prehistoric.Nests.NestModel
[Part] Workspace.World.Areas.GuardAreas.Prehistoric.Nests.NestModel.EggSpotBottom
[Part] Workspace.World.Areas.GuardAreas.Prehistoric.Nests.NestModel.EggFitBounds
[Model] Workspace.World.Areas.GuardAreas.Prehistoric.Guard
[Part] Workspace.World.Areas.GuardAreas.Prehistoric.Guard.EggPoint
[Model] Workspace.World.Areas.GuardAreas.Cherry Blossom.Nests
[Model] Workspace.World.Areas.GuardAreas.Cherry Blossom.Nests.NestModel
[Part] Workspace.World.Areas.GuardAreas.Cherry Blossom.Nests.NestModel.EggFitBounds
[Part] Workspace.World.Areas.GuardAreas.Cherry Blossom.Nests.NestModel.EggSpotBottom
[Model] Workspace.World.Areas.GuardAreas.Cherry Blossom.Nests.NestModel
[Part] Workspace.World.Areas.GuardAreas.Cherry Blossom.Nests.NestModel.EggSpotBottom
[Part] Workspace.World.Areas.GuardAreas.Cherry Blossom.Nests.NestModel.EggFitBounds
[Model] Workspace.World.Areas.GuardAreas.Cherry Blossom.Nests.NestModel
[Part] Workspace.World.Areas.GuardAreas.Cherry Blossom.Nests.NestModel.EggSpotBottom
[Part] Workspace.World.Areas.GuardAreas.Cherry Blossom.Nests.NestModel.EggFitBounds
[Model] Workspace.World.Areas.GuardAreas.Cherry Blossom.Nests.NestModel
[Part] Workspace.World.Areas.GuardAreas.Cherry Blossom.Nests.NestModel.EggSpotBottom
[Part] Workspace.World.Areas.GuardAreas.Cherry Blossom.Nests.NestModel.EggFitBounds
[Model] Workspace.World.Areas.GuardAreas.Cherry Blossom.Nests.NestModel
[Part] Workspace.World.Areas.GuardAreas.Cherry Blossom.Nests.NestModel.EggSpotBottom
[Part] Workspace.World.Areas.GuardAreas.Cherry Blossom.Nests.NestModel.EggFitBounds
[Model] Workspace.World.Areas.GuardAreas.Cherry Blossom.Guard
[Part] Workspace.World.Areas.GuardAreas.Cherry Blossom.Guard.EggPoint
[Model] Workspace.World.Areas.GuardAreas.Snow.Nests
[Model] Workspace.World.Areas.GuardAreas.Snow.Nests.NestModel
[Part] Workspace.World.Areas.GuardAreas.Snow.Nests.NestModel.EggSpotBottom
[Part] Workspace.World.Areas.GuardAreas.Snow.Nests.NestModel.EggFitBounds
[Model] Workspace.World.Areas.GuardAreas.Snow.Nests.NestModel
[Part] Workspace.World.Areas.GuardAreas.Snow.Nests.NestModel.EggSpotBottom
[Part] Workspace.World.Areas.GuardAreas.Snow.Nests.NestModel.EggFitBounds
[Model] Workspace.World.Areas.GuardAreas.Snow.Nests.NestModel
[Part] Workspace.World.Areas.GuardAreas.Snow.Nests.NestModel.EggSpotBottom
[Part] Workspace.World.Areas.GuardAreas.Snow.Nests.NestModel.EggFitBounds
[Model] Workspace.World.Areas.GuardAreas.Snow.Nests.NestModel
[Part] Workspace.World.Areas.GuardAreas.Snow.Nests.NestModel.EggSpotBottom
[Part] Workspace.World.Areas.GuardAreas.Snow.Nests.NestModel.EggFitBounds
[Model] Workspace.World.Areas.GuardAreas.Snow.Nests.NestModel
[Part] Workspace.World.Areas.GuardAreas.Snow.Nests.NestModel.EggFitBounds
[Part] Workspace.World.Areas.GuardAreas.Snow.Nests.NestModel.EggSpotBottom
[Model] Workspace.World.Areas.GuardAreas.Snow.Guard
[Part] Workspace.World.Areas.GuardAreas.Snow.Guard.EggPoint
[Folder] Workspace.World.Areas.EggCarryBounds
[Part] Workspace.World.Areas.AdminAbuseEggSpawn
[Part] Workspace.World.Areas.CaptureTheEggSpawn
[Folder] Workspace.World.Build.1.COLLISIONS.GUARD NO COLLIDE
[Folder] Workspace.World.Build.1.COLLISIONS.COLL GUARD
[Folder] Workspace.World.Build.1.COLLISIONS.COLL GUARD.BOTTOMS (COLL GUARD)
[Folder] Workspace.World.Build.1.COLLISIONS.COLL GUARD.WALL LEFT (COLL GUARD)
[Folder] Workspace.World.Build.1.COLLISIONS.COLL GUARD.WALL RIGHT (COLL GUARD)
[Folder] Workspace.World.Build.1.COLLISIONS.COLL GUARD.WALL FRONT (COLL GUARD)
[Folder] Workspace.World.Build.FuseBiomeZone
[Folder] Workspace.World.Build.FuseBiomeLanePortals
[Folder] Workspace._Guards
[Folder] Workspace.Eggs
[MeshPart] Workspace.ClientRenderedAssets.9217575693_3787f090b8eb43b1ae866c65a67de75d.Model.Models for egg.032
[MeshPart] Workspace.ClientRenderedAssets.9217575693_3787f090b8eb43b1ae866c65a67de75d.Model.Models for egg.013
[MeshPart] Workspace.ClientRenderedAssets.9217575693_3787f090b8eb43b1ae866c65a67de75d.Model.Models for egg.023
[MeshPart] Workspace.ClientRenderedAssets.9217575693_3787f090b8eb43b1ae866c65a67de75d.Model.Models for egg.006
[MeshPart] Workspace.ClientRenderedAssets.9217575693_3787f090b8eb43b1ae866c65a67de75d.Model.Models for egg.039
[Weld] Workspace.ClientRenderedAssets.9217575693_3787f090b8eb43b1ae866c65a67de75d.Model.Models for egg.039.Models for egg.026
[MeshPart] Workspace.ClientRenderedAssets.9217575693_3787f090b8eb43b1ae866c65a67de75d.Model.Models for egg.049
[Motor6D] Workspace.ClientRenderedAssets.9217575693_3787f090b8eb43b1ae866c65a67de75d.Model.Models for egg.049.Models for egg.048
[Weld] Workspace.ClientRenderedAssets.9217575693_3787f090b8eb43b1ae866c65a67de75d.Model.Models for egg.049.Models for egg.023
[MeshPart] Workspace.ClientRenderedAssets.9217575693_3787f090b8eb43b1ae866c65a67de75d.Model.Models for egg.014
[MeshPart] Workspace.ClientRenderedAssets.9217575693_3787f090b8eb43b1ae866c65a67de75d.Model.Models for egg.007
[MeshPart] Workspace.ClientRenderedAssets.9217575693_3787f090b8eb43b1ae866c65a67de75d.Model.Models for egg.054
[Weld] Workspace.ClientRenderedAssets.9217575693_3787f090b8eb43b1ae866c65a67de75d.Model.Models for egg.054.Models for egg.007
[MeshPart] Workspace.ClientRenderedAssets.9217575693_3787f090b8eb43b1ae866c65a67de75d.Model.Models for egg.020
[MeshPart] Workspace.ClientRenderedAssets.9217575693_3787f090b8eb43b1ae866c65a67de75d.Model.Models for egg.009
[Weld] Workspace.ClientRenderedAssets.9217575693_3787f090b8eb43b1ae866c65a67de75d.Model.Models for egg.009.Models for egg.025
[MeshPart] Workspace.ClientRenderedAssets.9217575693_3787f090b8eb43b1ae866c65a67de75d.Model.Models for egg.047
[Motor6D] Workspace.ClientRenderedAssets.9217575693_3787f090b8eb43b1ae866c65a67de75d.Model.Models for egg.047.Models for egg.049
[Weld] Workspace.ClientRenderedAssets.9217575693_3787f090b8eb43b1ae866c65a67de75d.Model.Models for egg.047.Models for egg.016
[MeshPart] Workspace.ClientRenderedAssets.9217575693_3787f090b8eb43b1ae866c65a67de75d.Model.Models for egg.055
[Weld] Workspace.ClientRenderedAssets.9217575693_3787f090b8eb43b1ae866c65a67de75d.Model.Models for egg.055.Models for egg.021
[Motor6D] Workspace.ClientRenderedAssets.9217575693_3787f090b8eb43b1ae866c65a67de75d.Model.Models for egg.055.Models for egg.054
[MeshPart] Workspace.ClientRenderedAssets.9217575693_3787f090b8eb43b1ae866c65a67de75d.Model.Models for egg.008
[Motor6D] Workspace.ClientRenderedAssets.9217575693_3787f090b8eb43b1ae866c65a67de75d.Model.Models for egg.008.Models for egg.010
[Weld] Workspace.ClientRenderedAssets.9217575693_3787f090b8eb43b1ae866c65a67de75d.Model.Models for egg.008.Models for egg.013
[MeshPart] Workspace.ClientRenderedAssets.9217575693_3787f090b8eb43b1ae866c65a67de75d.Model.Models for egg.024
[MeshPart] Workspace.ClientRenderedAssets.9217575693_3787f090b8eb43b1ae866c65a67de75d.Model.Models for egg.027
[MeshPart] Workspace.ClientRenderedAssets.9217575693_3787f090b8eb43b1ae866c65a67de75d.Model.Models for egg.050
[Weld] Workspace.ClientRenderedAssets.9217575693_3787f090b8eb43b1ae866c65a67de75d.Model.Models for egg.050.Models for egg.015
[Motor6D] Workspace.ClientRenderedAssets.9217575693_3787f090b8eb43b1ae866c65a67de75d.Model.Models for egg.050.Models for egg.052
[MeshPart] Workspace.ClientRenderedAssets.9217575693_3787f090b8eb43b1ae866c65a67de75d.Model.Models for egg.040
[Weld] Workspace.ClientRenderedAssets.9217575693_3787f090b8eb43b1ae866c65a67de75d.Model.Models for egg.040.Models for egg.019
[Motor6D] Workspace.ClientRenderedAssets.9217575693_3787f090b8eb43b1ae866c65a67de75d.Model.Models for egg.040.Models for egg.039
[MeshPart] Workspace.ClientRenderedAssets.9217575693_3787f090b8eb43b1ae866c65a67de75d.Model.Models for egg.028
[MeshPart] Workspace.ClientRenderedAssets.9217575693_3787f090b8eb43b1ae866c65a67de75d.Model.Models for egg.036
[Weld] Workspace.ClientRenderedAssets.9217575693_3787f090b8eb43b1ae866c65a67de75d.Model.Models for egg.036.Models for egg.029
[MeshPart] Workspace.ClientRenderedAssets.9217575693_3787f090b8eb43b1ae866c65a67de75d.Model.Models for egg.031
[Motor6D] Workspace.ClientRenderedAssets.9217575693_3787f090b8eb43b1ae866c65a67de75d.Model.Root.Models for egg.003
[MeshPart] Workspace.ClientRenderedAssets.9217575693_3787f090b8eb43b1ae866c65a67de75d.Model.Models for egg.052
[Weld] Workspace.ClientRenderedAssets.9217575693_3787f090b8eb43b1ae866c65a67de75d.Model.Models for egg.052.Models for egg.022
[Motor6D] Workspace.ClientRenderedAssets.9217575693_3787f090b8eb43b1ae866c65a67de75d.Model.Models for egg.052.Models for egg.051
[MeshPart] Workspace.ClientRenderedAssets.9217575693_3787f090b8eb43b1ae866c65a67de75d.Model.Models for egg.012
[MeshPart] Workspace.ClientRenderedAssets.9217575693_3787f090b8eb43b1ae866c65a67de75d.Model.Models for egg.053
[Motor6D] Workspace.ClientRenderedAssets.9217575693_3787f090b8eb43b1ae866c65a67de75d.Model.Models for egg.053.Models for egg.055
[Weld] Workspace.ClientRenderedAssets.9217575693_3787f090b8eb43b1ae866c65a67de75d.Model.Models for egg.053.Models for egg.014
[MeshPart] Workspace.ClientRenderedAssets.9217575693_3787f090b8eb43b1ae866c65a67de75d.Model.Models for egg.018
[MeshPart] Workspace.ClientRenderedAssets.9217575693_3787f090b8eb43b1ae866c65a67de75d.Model.Models for egg.021
[MeshPart] Workspace.ClientRenderedAssets.9217575693_3787f090b8eb43b1ae866c65a67de75d.Model.Models for egg.015
[MeshPart] Workspace.ClientRenderedAssets.9217575693_3787f090b8eb43b1ae866c65a67de75d.Model.Models for egg.035
[Motor6D] Workspace.ClientRenderedAssets.9217575693_3787f090b8eb43b1ae866c65a67de75d.Model.Models for egg.035.Models for egg.037
[Weld] Workspace.ClientRenderedAssets.9217575693_3787f090b8eb43b1ae866c65a67de75d.Model.Models for egg.035.Models for egg.011
[MeshPart] Workspace.ClientRenderedAssets.9217575693_3787f090b8eb43b1ae866c65a67de75d.Model.Models for egg.011
[MeshPart] Workspace.ClientRenderedAssets.9217575693_3787f090b8eb43b1ae866c65a67de75d.Model.Models for egg.042
[Weld] Workspace.ClientRenderedAssets.9217575693_3787f090b8eb43b1ae866c65a67de75d.Model.Models for egg.042.Models for egg.030
[MeshPart] Workspace.ClientRenderedAssets.9217575693_3787f090b8eb43b1ae866c65a67de75d.Model.Models for egg.037
[Motor6D] Workspace.ClientRenderedAssets.9217575693_3787f090b8eb43b1ae866c65a67de75d.Model.Models for egg.037.Models for egg.036
[Weld] Workspace.ClientRenderedAssets.9217575693_3787f090b8eb43b1ae866c65a67de75d.Model.Models for egg.037.Models for egg.027
[MeshPart] Workspace.ClientRenderedAssets.9217575693_3787f090b8eb43b1ae866c65a67de75d.Model.Models for egg.016
[MeshPart] Workspace.ClientRenderedAssets.9217575693_3787f090b8eb43b1ae866c65a67de75d.Model.Models for egg.044
[Weld] Workspace.ClientRenderedAssets.9217575693_3787f090b8eb43b1ae866c65a67de75d.Model.Models for egg.044.Models for egg.017
[Motor6D] Workspace.ClientRenderedAssets.9217575693_3787f090b8eb43b1ae866c65a67de75d.Model.Models for egg.044.Models for egg.046
[MeshPart] Workspace.ClientRenderedAssets.9217575693_3787f090b8eb43b1ae866c65a67de75d.Model.Models for egg.045
[Weld] Workspace.ClientRenderedAssets.9217575693_3787f090b8eb43b1ae866c65a67de75d.Model.Models for egg.045.Models for egg.031
[MeshPart] Workspace.ClientRenderedAssets.9217575693_3787f090b8eb43b1ae866c65a67de75d.Model.Models for egg.010
[Weld] Workspace.ClientRenderedAssets.9217575693_3787f090b8eb43b1ae866c65a67de75d.Model.Models for egg.010.Models for egg.020
[Motor6D] Workspace.ClientRenderedAssets.9217575693_3787f090b8eb43b1ae866c65a67de75d.Model.Models for egg.010.Models for egg.009
[MeshPart] Workspace.ClientRenderedAssets.9217575693_3787f090b8eb43b1ae866c65a67de75d.Model.Models for egg.025
[MeshPart] Workspace.ClientRenderedAssets.9217575693_3787f090b8eb43b1ae866c65a67de75d.Model.Models for egg.041
[Motor6D] Workspace.ClientRenderedAssets.9217575693_3787f090b8eb43b1ae866c65a67de75d.Model.Models for egg.041.Models for egg.043
[Weld] Workspace.ClientRenderedAssets.9217575693_3787f090b8eb43b1ae866c65a67de75d.Model.Models for egg.041.Models for egg.018
[MeshPart] Workspace.ClientRenderedAssets.9217575693_3787f090b8eb43b1ae866c65a67de75d.Model.Models for egg.030
[MeshPart] Workspace.ClientRenderedAssets.9217575693_3787f090b8eb43b1ae866c65a67de75d.Model.Models for egg.022
[MeshPart] Workspace.ClientRenderedAssets.9217575693_3787f090b8eb43b1ae866c65a67de75d.Model.Models for egg.004
[MeshPart] Workspace.ClientRenderedAssets.9217575693_3787f090b8eb43b1ae866c65a67de75d.Model.Models for egg.033
[MeshPart] Workspace.ClientRenderedAssets.9217575693_3787f090b8eb43b1ae866c65a67de75d.Model.Models for egg.048
[Weld] Workspace.ClientRenderedAssets.9217575693_3787f090b8eb43b1ae866c65a67de75d.Model.Models for egg.048.Models for egg.032
[MeshPart] Workspace.ClientRenderedAssets.9217575693_3787f090b8eb43b1ae866c65a67de75d.Model.Models for egg.046
[Weld] Workspace.ClientRenderedAssets.9217575693_3787f090b8eb43b1ae866c65a67de75d.Model.Models for egg.046.Models for egg.024
[Motor6D] Workspace.ClientRenderedAssets.9217575693_3787f090b8eb43b1ae866c65a67de75d.Model.Models for egg.046.Models for egg.045
[MeshPart] Workspace.ClientRenderedAssets.9217575693_3787f090b8eb43b1ae866c65a67de75d.Model.Models for egg.026
[MeshPart] Workspace.ClientRenderedAssets.9217575693_3787f090b8eb43b1ae866c65a67de75d.Model.Models for egg.051
[Weld] Workspace.ClientRenderedAssets.9217575693_3787f090b8eb43b1ae866c65a67de75d.Model.Models for egg.051.Models for egg.033
[MeshPart] Workspace.ClientRenderedAssets.9217575693_3787f090b8eb43b1ae866c65a67de75d.Model.Models for egg.005
[MeshPart] Workspace.ClientRenderedAssets.9217575693_3787f090b8eb43b1ae866c65a67de75d.Model.Models for egg.017
[MeshPart] Workspace.ClientRenderedAssets.9217575693_3787f090b8eb43b1ae866c65a67de75d.Model.Models for egg.043
[Motor6D] Workspace.ClientRenderedAssets.9217575693_3787f090b8eb43b1ae866c65a67de75d.Model.Models for egg.043.Models for egg.042
[Weld] Workspace.ClientRenderedAssets.9217575693_3787f090b8eb43b1ae866c65a67de75d.Model.Models for egg.043.Models for egg.028
[MeshPart] Workspace.ClientRenderedAssets.9217575693_3787f090b8eb43b1ae866c65a67de75d.Model.Models for egg.003
[Motor6D] Workspace.ClientRenderedAssets.9217575693_3787f090b8eb43b1ae866c65a67de75d.Model.Models for egg.003.Models for egg.008
[Weld] Workspace.ClientRenderedAssets.9217575693_3787f090b8eb43b1ae866c65a67de75d.Model.Models for egg.003.Models for egg.005
[Motor6D] Workspace.ClientRenderedAssets.9217575693_3787f090b8eb43b1ae866c65a67de75d.Model.Models for egg.003.Models for egg.050
[Motor6D] Workspace.ClientRenderedAssets.9217575693_3787f090b8eb43b1ae866c65a67de75d.Model.Models for egg.003.Models for egg.038
[Weld] Workspace.ClientRenderedAssets.9217575693_3787f090b8eb43b1ae866c65a67de75d.Model.Models for egg.003.Models for egg.004
[Motor6D] Workspace.ClientRenderedAssets.9217575693_3787f090b8eb43b1ae866c65a67de75d.Model.Models for egg.003.Models for egg.047
[Motor6D] Workspace.ClientRenderedAssets.9217575693_3787f090b8eb43b1ae866c65a67de75d.Model.Models for egg.003.Models for egg.053
[Motor6D] Workspace.ClientRenderedAssets.9217575693_3787f090b8eb43b1ae866c65a67de75d.Model.Models for egg.003.Models for egg.041
[Weld] Workspace.ClientRenderedAssets.9217575693_3787f090b8eb43b1ae866c65a67de75d.Model.Models for egg.003.Models for egg.034
[Motor6D] Workspace.ClientRenderedAssets.9217575693_3787f090b8eb43b1ae866c65a67de75d.Model.Models for egg.003.Models for egg.044
[Weld] Workspace.ClientRenderedAssets.9217575693_3787f090b8eb43b1ae866c65a67de75d.Model.Models for egg.003.Models for egg.001
[Motor6D] Workspace.ClientRenderedAssets.9217575693_3787f090b8eb43b1ae866c65a67de75d.Model.Models for egg.003.Models for egg.035
[Weld] Workspace.ClientRenderedAssets.9217575693_3787f090b8eb43b1ae866c65a67de75d.Model.Models for egg.003.Models for egg.006
[MeshPart] Workspace.ClientRenderedAssets.9217575693_3787f090b8eb43b1ae866c65a67de75d.Model.Models for egg.038
[Weld] Workspace.ClientRenderedAssets.9217575693_3787f090b8eb43b1ae866c65a67de75d.Model.Models for egg.038.Models for egg.012
[Motor6D] Workspace.ClientRenderedAssets.9217575693_3787f090b8eb43b1ae866c65a67de75d.Model.Models for egg.038.Models for egg.040
[MeshPart] Workspace.ClientRenderedAssets.9217575693_3787f090b8eb43b1ae866c65a67de75d.Model.Models for egg.034
[MeshPart] Workspace.ClientRenderedAssets.9217575693_3787f090b8eb43b1ae866c65a67de75d.Model.Models for egg.029
[MeshPart] Workspace.ClientRenderedAssets.9217575693_3787f090b8eb43b1ae866c65a67de75d.Model.Models for egg.001
[MeshPart] Workspace.ClientRenderedAssets.9217575693_3787f090b8eb43b1ae866c65a67de75d.Model.Models for egg.019
[ProximityPrompt] Workspace.SmartPromptPart.CarryAreaEgg
[Folder] Workspace.PlacedEggRenders
[Model] Workspace.PlacedEggRenders.8554467384_6e3dff238247414fb5342f8f915824ef.Dinosaur Egg
[MeshPart] Workspace.PlacedEggRenders.8554467384_36a0f94fcf4d4a94bf40df78673f50f1.Meshes/Steal an Egg Batch 2_Plane.001
[MeshPart] Workspace.PlacedEggRenders.8554467384_36a0f94fcf4d4a94bf40df78673f50f1.Meshes/Steal an Egg Batch 2_Meshesuntitledbaseegg0051
[MeshPart] Workspace.PlacedEggRenders.8554467384_36a0f94fcf4d4a94bf40df78673f50f1.Meshes/Steal an Egg Batch 2_Meshesuntitledcube1
[MeshPart] Workspace.PlacedEggRenders.8554467384_36a0f94fcf4d4a94bf40df78673f50f1.Meshes/Steal an Egg Batch 2_Meshesuntitledbaseegg0061
[Folder] Workspace.AreaEggSlotsClient
[Model] Workspace.AreaEggSlotsClient.FirstAreaEgg_9521640019_5969538_Forest:Slot_005
[Model] Workspace.AreaEggSlotsClient.FirstAreaEgg_9521640019_5969538_Forest:Slot_002
[Model] Workspace.AreaEggSlotsClient.FirstAreaEgg_9521640019_5969538_Forest:Slot_001
[Model] Workspace.AreaEggSlotsClient.FirstAreaEgg_9521640019_5969538_Forest:Slot_004
[Model] Workspace.AreaEggSlotsClient.FirstAreaEgg_9521640019_5969538_Forest:Slot_003
[MeshPart] Workspace.AreaEggSlotsClient.d22fa12f3d49444a8eb4784839ca5096.Meshes/Steal an Egg Batch 2_Plane.001
[MeshPart] Workspace.AreaEggSlotsClient.d22fa12f3d49444a8eb4784839ca5096.Meshes/Steal an Egg Batch 2_Meshesuntitledbaseegg0051
[MeshPart] Workspace.AreaEggSlotsClient.d22fa12f3d49444a8eb4784839ca5096.Meshes/Steal an Egg Batch 2_Meshesuntitledcube1
[MeshPart] Workspace.AreaEggSlotsClient.d22fa12f3d49444a8eb4784839ca5096.Meshes/Steal an Egg Batch 2_Meshesuntitledbaseegg0061
[MeshPart] Workspace.AreaEggSlotsClient.123fca9a50754a008799c0d863213afb.Meshes/Steal an Egg Batch 2_Plane.001
[MeshPart] Workspace.AreaEggSlotsClient.123fca9a50754a008799c0d863213afb.Meshes/Steal an Egg Batch 2_Meshesuntitledbaseegg0051
[MeshPart] Workspace.AreaEggSlotsClient.123fca9a50754a008799c0d863213afb.Meshes/Steal an Egg Batch 2_Meshesuntitledcube1
[MeshPart] Workspace.AreaEggSlotsClient.123fca9a50754a008799c0d863213afb.Meshes/Steal an Egg Batch 2_Meshesuntitledbaseegg0061
[MeshPart] Workspace.AreaEggSlotsClient.c975f1d662b64ba8b69db5995b921ca7.Meshes/Steal an Egg Batch 2_Meshesuntitledbaseegg0041
[MeshPart] Workspace.AreaEggSlotsClient.c975f1d662b64ba8b69db5995b921ca7.Meshes/Steal an Egg Batch 2_Meshesuntitledbaseegg0021
[MeshPart] Workspace.AreaEggSlotsClient.c975f1d662b64ba8b69db5995b921ca7.Meshes/Steal an Egg Batch 2_Meshesuntitledbaseegg0011
[MeshPart] Workspace.AreaEggSlotsClient.c975f1d662b64ba8b69db5995b921ca7.Meshes/Steal an Egg Batch 2_Meshesuntitledbaseegg0031
[MeshPart] Workspace.AreaEggSlotsClient.c975f1d662b64ba8b69db5995b921ca7.Meshes/Steal an Egg Batch 2_Plane
[Highlight] Workspace.AreaEggSlotsClient.4ee9132c7d33490296892755df1ba15c.RareAreaEggHighlight
[MeshPart] Workspace.AreaEggSlotsClient.9b994d49a3584f968bb4d85caacd63e5.Meshes/Steal an Egg Batch 2_Meshesuntitledbaseegg0071
[MeshPart] Workspace.AreaEggSlotsClient.9b994d49a3584f968bb4d85caacd63e5.Meshes/Steal an Egg Batch 2_Plane.013
[MeshPart] Workspace.AreaEggSlotsClient.9b994d49a3584f968bb4d85caacd63e5.Meshes/Steal an Egg Batch 2_Cube
[MeshPart] Workspace.AreaEggSlotsClient.9b994d49a3584f968bb4d85caacd63e5.Meshes/Steal an Egg Batch 2_Meshesuntitledbaseegg0081
[MeshPart] Workspace.AreaEggSlotsClient.9b994d49a3584f968bb4d85caacd63e5.Meshes/Steal an Egg Batch 2_Meshesuntitledbaseegg0061.001
[MeshPart] Workspace.AreaEggSlotsClient.e87d65a0c8e8487bac3c092deaf8a05e.Meshes/Steal an Egg Batch 2_Meshesuntitledbaseegg0071
[MeshPart] Workspace.AreaEggSlotsClient.e87d65a0c8e8487bac3c092deaf8a05e.Meshes/Steal an Egg Batch 2_Plane.013
[MeshPart] Workspace.AreaEggSlotsClient.e87d65a0c8e8487bac3c092deaf8a05e.Meshes/Steal an Egg Batch 2_Cube
[MeshPart] Workspace.AreaEggSlotsClient.e87d65a0c8e8487bac3c092deaf8a05e.Meshes/Steal an Egg Batch 2_Meshesuntitledbaseegg0081
[MeshPart] Workspace.AreaEggSlotsClient.e87d65a0c8e8487bac3c092deaf8a05e.Meshes/Steal an Egg Batch 2_Meshesuntitledbaseegg0061.001
[ProximityPrompt] Workspace.SmartPromptPart.CarryAreaEgg
[ProximityPrompt] Workspace.SmartPromptPart.CarryAreaEgg
[ProximityPrompt] Workspace.SmartPromptPart.CarryAreaEgg
[ProximityPrompt] Workspace.SmartPromptPart.CarryAreaEgg
[ProximityPrompt] Workspace.SmartPromptPart.CarryAreaEgg
[ProximityPrompt] Workspace.SmartPromptPart.CarryAreaEgg
[Part] Workspace.ScrambleArena.BossSpawn
[Sound] Workspace.ScrambleArena.Drones.Drone.RootPart.DroneFuse
[Sound] Workspace.ScrambleArena.Drones.Drone.RootPart.DroneFuse
[ProximityPrompt] Workspace.SmartPromptPart.CarryAreaEgg
[ProximityPrompt] Workspace.SmartPromptPart.CarryAreaEgg
[ProximityPrompt] Workspace.SmartPromptPart.CarryAreaEgg
[ProximityPrompt] Workspace.SmartPromptPart.CarryAreaEgg
[ProximityPrompt] Workspace.SmartPromptPart.CarryAreaEgg
[ProximityPrompt] Workspace.SmartPromptPart.CarryAreaEgg
[ProximityPrompt] Workspace.SmartPromptPart.CarryAreaEgg
[ProximityPrompt] Workspace.SmartPromptPart.CarryAreaEgg
[ProximityPrompt] Workspace.SmartPromptPart.CarryAreaEgg
[ProximityPrompt] Workspace.SmartPromptPart.CarryAreaEgg
[ProximityPrompt] Workspace.SmartPromptPart.CarryAreaEgg
[ProximityPrompt] Workspace.SmartPromptPart.CarryAreaEgg
[ProximityPrompt] Workspace.SmartPromptPart.CarryAreaEgg
[ProximityPrompt] Workspace.SmartPromptPart.CarryAreaEgg
[ProximityPrompt] Workspace.SmartPromptPart.CarryAreaEgg
[ProximityPrompt] Workspace.SmartPromptPart.CarryAreaEgg
[ProximityPrompt] Workspace.SmartPromptPart.CarryAreaEgg
[ProximityPrompt] Workspace.SmartPromptPart.CarryAreaEgg
[ProximityPrompt] Workspace.SmartPromptPart.CarryAreaEgg
[ProximityPrompt] Workspace.SmartPromptPart.CarryAreaEgg
[ProximityPrompt] Workspace.SmartPromptPart.CarryAreaEgg
[ProximityPrompt] Workspace.SmartPromptPart.CarryAreaEgg
[ProximityPrompt] Workspace.SmartPromptPart.CarryAreaEgg
[ProximityPrompt] Workspace.SmartPromptPart.CarryAreaEgg
[ProximityPrompt] Workspace.SmartPromptPart.CarryAreaEgg
[Highlight] Workspace.6d6b636bb58d46419296f05cb29b44d5.RareAreaEggHighlight
[ProximityPrompt] Workspace.SmartPromptPart.CarryAreaEgg
[ProximityPrompt] Workspace.SmartPromptPart.CarryAreaEgg
[ProximityPrompt] Workspace.SmartPromptPart.CarryAreaEgg
[ProximityPrompt] Workspace.SmartPromptPart.CarryAreaEgg
[ProximityPrompt] Workspace.SmartPromptPart.CarryAreaEgg
[ProximityPrompt] Workspace.SmartPromptPart.CarryAreaEgg
[ProximityPrompt] Workspace.SmartPromptPart.CarryAreaEgg
[ProximityPrompt] Workspace.SmartPromptPart.CarryAreaEgg
[ProximityPrompt] Workspace.SmartPromptPart.CarryAreaEgg
[ProximityPrompt] Workspace.SmartPromptPart.CarryAreaEgg
[ProximityPrompt] Workspace.SmartPromptPart.CarryAreaEgg
[ProximityPrompt] Workspace.SmartPromptPart.CarryAreaEgg
[ProximityPrompt] Workspace.SmartPromptPart.CarryAreaEgg
[ProximityPrompt] Workspace.SmartPromptPart.CarryAreaEgg
[ProximityPrompt] Workspace.SmartPromptPart.CarryAreaEgg
[ProximityPrompt] Workspace.SmartPromptPart.CarryAreaEgg
[ProximityPrompt] Workspace.SmartPromptPart.CarryAreaEgg
[ProximityPrompt] Workspace.SmartPromptPart.CarryAreaEgg
[ProximityPrompt] Workspace.SmartPromptPart.CarryAreaEgg
[ProximityPrompt] Workspace.SmartPromptPart.CarryAreaEgg
[ProximityPrompt] Workspace.SmartPromptPart.CarryAreaEgg
[ProximityPrompt] Workspace.SmartPromptPart.CarryAreaEgg
[ProximityPrompt] Workspace.SmartPromptPart.CarryAreaEgg
[ProximityPrompt] Workspace.SmartPromptPart.CarryAreaEgg
[ProximityPrompt] Workspace.SmartPromptPart.CarryAreaEgg
[ProximityPrompt] Workspace.SmartPromptPart.CarryAreaEgg
[ProximityPrompt] Workspace.SmartPromptPart.CarryAreaEgg
[ProximityPrompt] Workspace.SmartPromptPart.CarryAreaEgg
Egg/Boss matching objects: 450

Scanning root: ReplicatedStorage
[ModuleScript] ReplicatedStorage.CmdrClient.Types.GuardAreaType
[ModuleScript] ReplicatedStorage.CmdrClient.Commands.globalSpawnRareEgg
[ModuleScript] ReplicatedStorage.CmdrClient.Commands.spawnRareEgg
[ModuleScript] ReplicatedStorage.CmdrClient.Commands.globalEggSizeBoost
[ModuleScript] ReplicatedStorage.CmdrClient.Commands.globalEggLuckBoost
[ModuleScript] ReplicatedStorage.CmdrClient.Commands.resetEggCycle
[ModuleScript] ReplicatedStorage.CmdrClient.Commands.globalProgressEggHatchTime
[ModuleScript] ReplicatedStorage.CmdrClient.Commands.progressEggHatchTime
[ModuleScript] ReplicatedStorage.CmdrClient.Commands.giveEgg
[ModuleScript] ReplicatedStorage.CmdrClient.Commands.giveParasiteEgg
[ModuleScript] ReplicatedStorage.CmdrClient.Commands.captureTheEgg
[ModuleScript] ReplicatedStorage.CmdrClient.Commands.globalCaptureTheEgg
[ModuleScript] ReplicatedStorage.CmdrClient.Commands.giveMonstrousEgg
[ModuleScript] ReplicatedStorage.CmdrClient.Commands.forceBossDefeat
[ModuleScript] ReplicatedStorage.CmdrClient.Commands.giveBossTokens
[ModuleScript] ReplicatedStorage.CmdrClient.Commands.openBossWindow
[ModuleScript] ReplicatedStorage.CmdrClient.Commands.fuseBiomeUnlock
[ModuleScript] ReplicatedStorage.CmdrClient.Commands.skipBossCountdown
[ModuleScript] ReplicatedStorage.CmdrClient.Commands.nextBossEgg
[ModuleScript] ReplicatedStorage.CmdrClient.Commands.spawnScrambleBoss
[ModuleScript] ReplicatedStorage.Client.FuseMachineSignals
[ModuleScript] ReplicatedStorage.Client.ToolGameplayGuard
[ModuleScript] ReplicatedStorage.Client.AreaEggResetWall
[ModuleScript] ReplicatedStorage.Client.FuseMachineMotion
[ModuleScript] ReplicatedStorage.Client.GuardTutorialPresentation
[ModuleScript] ReplicatedStorage.Client.EggState
[ModuleScript] ReplicatedStorage.Data.Assets.Configs.Alien Skeleton Boss
[ModuleScript] ReplicatedStorage.Data.Assets.Configs.Ring Guard
[ModuleScript] ReplicatedStorage.Data.Currency.Configs.BossTokens
[ModuleScript] ReplicatedStorage.Data.AreaEggResetCycle
[ModuleScript] ReplicatedStorage.Data.LimitedEgg
[ModuleScript] ReplicatedStorage.Data.GuardTutorialSteps
[ModuleScript] ReplicatedStorage.Data.Products.Builders.LimitedEgg
[ModuleScript] ReplicatedStorage.Data.Products.Builders.EggSkipGrowth
[ModuleScript] ReplicatedStorage.Data.Products.Builders.TreadmillAdEggBoost
[ModuleScript] ReplicatedStorage.Data.Guards
[ModuleScript] ReplicatedStorage.Data.AdminAbuseEgg
[ModuleScript] ReplicatedStorage.Data.DragonEgg
[ModuleScript] ReplicatedStorage.Data.CaptureTheEgg
[ModuleScript] ReplicatedStorage.Data.BrainrotEgg
[ModuleScript] ReplicatedStorage.Data.BossMastery
[ModuleScript] ReplicatedStorage.Data.BossEvent
[ModuleScript] ReplicatedStorage.Data.EggSkins
[ModuleScript] ReplicatedStorage.Data.MonsterEgg
[ModuleScript] ReplicatedStorage.Data.LuminousEgg
[MeshPart] ReplicatedStorage.GearTools.Phone.Meshes/Steal an Egg Phone Model_Cube.002 (1)
[MeshPart] ReplicatedStorage.GearTools.Phone.Meshes/Steal an Egg Phone Model_Cube.001 (1)
[MeshPart] ReplicatedStorage.GearTools.Phone.Meshes/Steal an Egg Phone Model_Cube (1)
[Weld] ReplicatedStorage.GearTools.Phone.Handle.Meshes/Steal an Egg Phone Model_Cube.005 (1)
[Weld] ReplicatedStorage.GearTools.Phone.Handle.Meshes/Steal an Egg Phone Model_Cube.004 (1)
[Weld] ReplicatedStorage.GearTools.Phone.Handle.Meshes/Steal an Egg Phone Model_Cube.003 (1)
[Weld] ReplicatedStorage.GearTools.Phone.Handle.Meshes/Steal an Egg Phone Model_Cube.002 (1)
[Weld] ReplicatedStorage.GearTools.Phone.Handle.Meshes/Steal an Egg Phone Model_Cube.001 (1)
[Weld] ReplicatedStorage.GearTools.Phone.Handle.Meshes/Steal an Egg Phone Model_Cube (1)
[MeshPart] ReplicatedStorage.GearTools.Phone.Meshes/Steal an Egg Phone Model_Cube.005 (1)
[MeshPart] ReplicatedStorage.GearTools.Phone.Meshes/Steal an Egg Phone Model_Cube.003 (1)
[MeshPart] ReplicatedStorage.GearTools.Phone.Meshes/Steal an Egg Phone Model_Cube.004 (1)
[Folder] ReplicatedStorage.Mutations.Boss
[Folder] ReplicatedStorage.CutsceneAssets.DragonEggEventCutscene2
[Model] ReplicatedStorage.CutsceneAssets.DragonEggEventRareEgg
[Folder] ReplicatedStorage.CutsceneAssets.DragonEggEventCutscene1
[Model] ReplicatedStorage.CutsceneAssets.DragonEggEventCutscene1.cutscene1egg
[MeshPart] ReplicatedStorage.CutsceneAssets.DragonEggEventCutscene1.cutscene1egg.Egg
[Motor6D] ReplicatedStorage.CutsceneAssets.DragonEggEventCutscene1.cutscene1egg.Egg.Egg
[Attachment] ReplicatedStorage.CutsceneAssets.RiftCutscene2.Portal.EggSpawn
[Model] ReplicatedStorage.CutsceneAssets.RiftCutscene2.VoidEgg
[MeshPart] ReplicatedStorage.CutsceneAssets.RiftCutscene2.VoidEgg.EggBody
[Weld] ReplicatedStorage.CutsceneAssets.RiftCutscene2.VoidEgg.EggBody.Meshesuntitledbaseegg0011.002
[Weld] ReplicatedStorage.CutsceneAssets.RiftCutscene2.VoidEgg.EggBody.Meshesuntitledbaseegg0011.016
[Weld] ReplicatedStorage.CutsceneAssets.RiftCutscene2.VoidEgg.EggBody.Meshesuntitledbaseegg0011.017
[MeshPart] ReplicatedStorage.CutsceneAssets.RiftCutscene2.VoidEgg.Meshesuntitledbaseegg0011.017
[MeshPart] ReplicatedStorage.CutsceneAssets.RiftCutscene2.VoidEgg.Meshesuntitledbaseegg0011.016
[MeshPart] ReplicatedStorage.CutsceneAssets.RiftCutscene2.VoidEgg.Meshesuntitledbaseegg0011.002
[Part] ReplicatedStorage.CutsceneAssets.RiftCutscene2.VoidEgg.EggRoot
[Motor6D] ReplicatedStorage.CutsceneAssets.RiftCutscene2.VoidEgg.EggRoot.EggBody
[Motor6D] ReplicatedStorage.CutsceneAssets.RiftCutscene2.VoidEgg.MainController.EggRoot
[Model] ReplicatedStorage.CutsceneAssets.LightVSDarkCutscene1Rigs.Ben.Ben Heads.Confused
[Model] ReplicatedStorage.CutsceneAssets.LightVSDarkCutscene1Rigs.Steal an Egg Arch Angel
[Model] ReplicatedStorage.CutsceneAssets.LightVSDarkCutscene1Rigs.Steal an Egg World Burner
[Model] ReplicatedStorage.CutsceneAssets.LightVsDarkCutsceneEndRigs.Steal an Egg World Burner
[Model] ReplicatedStorage.CutsceneAssets.LightVsDarkCutsceneEndRigs.Steal an Egg Sabertooth Tiger
[Model] ReplicatedStorage.CutsceneAssets.LightVsDarkCutsceneEndRigs.Steal an Egg MiniStrawberry Elephant
[Model] ReplicatedStorage.CutsceneAssets.LightVsDarkCutsceneEndRigs.Steal an Egg Belula Beluga
[Model] ReplicatedStorage.CutsceneAssets.LightVsDarkCutsceneEndRigs.Steal an Egg Bananita Dolphinita
[Model] ReplicatedStorage.CutsceneAssets.LightVsDarkCutsceneEndRigs.Steal an Egg Arch Angel
[Motor6D] ReplicatedStorage.CutsceneAssets.SammyEventOutro1Rigs.Sammy Hat Rig.Root.EggCtrl
[Part] ReplicatedStorage.CutsceneAssets.SammyEventOutro1Rigs.Sammy Hat Rig.EggCtrl
[Motor6D] ReplicatedStorage.CutsceneAssets.SammyEventOutro1Rigs.Mind Control Hat Rig.Root.EggCtrl
[Part] ReplicatedStorage.CutsceneAssets.SammyEventOutro1Rigs.Mind Control Hat Rig.EggCtrl
[Model] ReplicatedStorage.CutsceneAssets.SammyEventOutro1Rigs.EggRig
[Model] ReplicatedStorage.CutsceneAssets.SammyEventOutro1Rigs.EggRig.FusedEgg2
[MeshPart] ReplicatedStorage.CutsceneAssets.SammyEventOutro1Rigs.EggRig.FusedEgg2.EggMain
[Motor6D] ReplicatedStorage.CutsceneAssets.SammyEventOutro1Rigs.EggRig.Root.EggCtrl
[Part] ReplicatedStorage.CutsceneAssets.SammyEventOutro1Rigs.EggRig.EggCtrl
[Weld] ReplicatedStorage.CutsceneAssets.SammyEventOutro1Rigs.EggRig.EggCtrl.EggMain
[Motor6D] ReplicatedStorage.CutsceneAssets.SammyEventOutro2Rigs.Sammy Hat Rig.Root.EggCtrl
[Part] ReplicatedStorage.CutsceneAssets.SammyEventOutro2Rigs.Sammy Hat Rig.EggCtrl
[Motor6D] ReplicatedStorage.CutsceneAssets.SammyEventOutro2Rigs.Mind Control Hat Rig.Root.EggCtrl
[Part] ReplicatedStorage.CutsceneAssets.SammyEventOutro2Rigs.Mind Control Hat Rig.EggCtrl
[Folder] ReplicatedStorage.CutsceneAssets.ScrambleBossCutsceneAssets
[Folder] ReplicatedStorage.CutsceneAssets.ScrambleBossCutsceneAssets.IntroCutscene1.ScrambleBossIntro1Rigs
[Model] ReplicatedStorage.CutsceneAssets.ScrambleBossCutsceneAssets.IntroCutscene1.ScrambleBossIntro1Rigs.Steal an Egg Boss Mech
[MeshPart] ReplicatedStorage.CutsceneAssets.ScrambleBossCutsceneAssets.IntroCutscene1.ScrambleBossIntro1Rigs.BenRigWithHandles.ConfusedBen_Cylinder
[MeshPart] ReplicatedStorage.CutsceneAssets.ScrambleBossCutsceneAssets.IntroCutscene1.ScrambleBossIntro1Rigs.BenRigWithHandles.ConfusedBen
[Motor6D] ReplicatedStorage.CutsceneAssets.ScrambleBossCutsceneAssets.IntroCutscene1.ScrambleBossIntro1Rigs.BenRigWithHandles.ConfusedBen.ConfusedBen_Cylinder
[Motor6D] ReplicatedStorage.CutsceneAssets.ScrambleBossCutsceneAssets.IntroCutscene1.ScrambleBossIntro1Rigs.BenRigWithHandles.HumanoidRootPart.ConfusedBen
[Folder] ReplicatedStorage.CutsceneAssets.ScrambleBossCutsceneAssets.IntroCutscene1.ScrambleBossIntro1VFX
[Folder] ReplicatedStorage.CutsceneAssets.ScrambleBossCutsceneAssets.IntroCutscene1.ScrambleBossIntro1WorkspaceAssets
[Folder] ReplicatedStorage.CutsceneAssets.ScrambleBossCutsceneAssets.IntroCutscene1.ScrambleBossIntro1WorkspaceAssets.Dr. Scramble Boss Arena
[Folder] ReplicatedStorage.CutsceneAssets.ScrambleBossCutsceneAssets.IntroCutscene2.ScrambleBossIntro2Rigs
[Folder] ReplicatedStorage.CutsceneAssets.ScrambleBossCutsceneAssets.IntroCutscene2.ScrambleBossIntro2VFX
[Folder] ReplicatedStorage.CutsceneAssets.ScrambleBossCutsceneAssets.IntroCutscene2.ScrambleBossIntro2WorkspaceAssets
[Folder] ReplicatedStorage.CutsceneAssets.ScrambleBossCutsceneAssets.IntroCutscene2.ScrambleBossIntro2WorkspaceAssets.Model.Dr. Scramble Boss Arena
[Folder] ReplicatedStorage.CutsceneAssets.ScrambleBossCutsceneAssets.OutroCutscene1.ScrambleBossOutro1Rigs
[MeshPart] ReplicatedStorage.CutsceneAssets.ScrambleBossCutsceneAssets.OutroCutscene1.ScrambleBossOutro1Rigs.BenRigWithHandles.ConfusedBen
[Motor6D] ReplicatedStorage.CutsceneAssets.ScrambleBossCutsceneAssets.OutroCutscene1.ScrambleBossOutro1Rigs.BenRigWithHandles.ConfusedBen.ConfusedBen_Cylinder
[Motor6D] ReplicatedStorage.CutsceneAssets.ScrambleBossCutsceneAssets.OutroCutscene1.ScrambleBossOutro1Rigs.BenRigWithHandles.HumanoidRootPart.ConfusedBen
[MeshPart] ReplicatedStorage.CutsceneAssets.ScrambleBossCutsceneAssets.OutroCutscene1.ScrambleBossOutro1Rigs.BenRigWithHandles.ConfusedBen_Cylinder
[Folder] ReplicatedStorage.CutsceneAssets.ScrambleBossCutsceneAssets.OutroCutscene1.ScrambleBossOutro1VFX
[Folder] ReplicatedStorage.CutsceneAssets.ScrambleBossCutsceneAssets.OutroCutscene1.ScrambleBossOutro1WorkspaceAssets
[Folder] ReplicatedStorage.CutsceneAssets.ScrambleBossCutsceneAssets.OutroCutscene1.ScrambleBossOutro1WorkspaceAssets.Dr. Scramble Boss Arena
[Folder] ReplicatedStorage.CutsceneAssets.ScrambleBossCutsceneAssets.OutroCutscene2.ScrambleBossOutro2Rigs
[Motor6D] ReplicatedStorage.CutsceneAssets.ScrambleBossCutsceneAssets.OutroCutscene2.ScrambleBossOutro2Rigs.BenRigWithHandles.HumanoidRootPart.ConfusedBen
[MeshPart] ReplicatedStorage.CutsceneAssets.ScrambleBossCutsceneAssets.OutroCutscene2.ScrambleBossOutro2Rigs.BenRigWithHandles.ConfusedBen
[Motor6D] ReplicatedStorage.CutsceneAssets.ScrambleBossCutsceneAssets.OutroCutscene2.ScrambleBossOutro2Rigs.BenRigWithHandles.ConfusedBen.ConfusedBen_Cylinder
[MeshPart] ReplicatedStorage.CutsceneAssets.ScrambleBossCutsceneAssets.OutroCutscene2.ScrambleBossOutro2Rigs.BenRigWithHandles.ConfusedBen_Cylinder
[Folder] ReplicatedStorage.CutsceneAssets.ScrambleBossCutsceneAssets.OutroCutscene2.ScrambleBossOutro2VFX
[Folder] ReplicatedStorage.CutsceneAssets.ScrambleBossCutsceneAssets.OutroCutscene2.ScrambleBossOutro2WorkspaceAssets
[RemoteEvent] ReplicatedStorage.Packages.Networking.RE/StaffConsole/GrantSelfEgg
[RemoteFunction] ReplicatedStorage.Packages.Networking.RF/EggWorld/AskDoffTool
[RemoteFunction] ReplicatedStorage.Packages.Networking.RF/EggWorld/AskEggRecord
[RemoteFunction] ReplicatedStorage.Packages.Networking.RF/EggWorld/AskFieldEggCarry
[RemoteFunction] ReplicatedStorage.Packages.Networking.RF/EggWorld/AskFieldEggDrop
[RemoteFunction] ReplicatedStorage.Packages.Networking.RF/EggWorld/AskFieldEggRarityShows
[RemoteFunction] ReplicatedStorage.Packages.Networking.RF/EggWorld/AskFieldEggSnapshot
[RemoteFunction] ReplicatedStorage.Packages.Networking.RF/EggWorld/AskFinishHatch
[RemoteFunction] ReplicatedStorage.Packages.Networking.RF/EggWorld/AskHatch
[RemoteFunction] ReplicatedStorage.Packages.Networking.RF/EggWorld/AskLiveSnapshot
[RemoteFunction] ReplicatedStorage.Packages.Networking.RF/EggWorld/AskPlaceEgg
[RemoteFunction] ReplicatedStorage.Packages.Networking.RF/EggWorld/AskSkipGrowth
[RemoteFunction] ReplicatedStorage.Packages.Networking.RF/EggWorld/AskWearTool
[RemoteEvent] ReplicatedStorage.Packages.Networking.RE/EggWorld/FieldEggBatchShifted
[RemoteEvent] ReplicatedStorage.Packages.Networking.RE/EggWorld/FieldEggCarry
[RemoteEvent] ReplicatedStorage.Packages.Networking.RE/EggWorld/FieldEggCycleCountdown
[RemoteEvent] ReplicatedStorage.Packages.Networking.RE/EggWorld/FieldEggGone
[RemoteEvent] ReplicatedStorage.Packages.Networking.RE/EggWorld/FieldEggRaritiesShown
[RemoteEvent] ReplicatedStorage.Packages.Networking.RE/EggWorld/FieldEggRedeemVerdict
[RemoteEvent] ReplicatedStorage.Packages.Networking.RE/EggWorld/FieldEggShifted
[RemoteEvent] ReplicatedStorage.Packages.Networking.RE/EggWorld/OwnerDropped
[RemoteEvent] ReplicatedStorage.Packages.Networking.RE/EggWorld/OwnerShifted
[RemoteEvent] ReplicatedStorage.Packages.Networking.RE/EggCapture/CutsceneBegan
[RemoteEvent] ReplicatedStorage.Packages.Networking.RE/EggCapture/StandingsRefreshed
[RemoteEvent] ReplicatedStorage.Packages.Networking.RE/FuseBiome/PortalTransition
[RemoteFunction] ReplicatedStorage.Packages.Networking.RF/Fusery/BeginFuse
[RemoteFunction] ReplicatedStorage.Packages.Networking.RF/Fusery/ConfirmBriefing
[RemoteFunction] ReplicatedStorage.Packages.Networking.RF/Fusery/EjectPet
[RemoteFunction] ReplicatedStorage.Packages.Networking.RF/Fusery/FinishReveal
[RemoteFunction] ReplicatedStorage.Packages.Networking.RF/Fusery/LoadPet
[RemoteFunction] ReplicatedStorage.Packages.Networking.RF/GuardOnboarding/AskLiveState
[RemoteFunction] ReplicatedStorage.Packages.Networking.RF/GuardOnboarding/AskProgressSync
[RemoteEvent] ReplicatedStorage.Packages.Networking.RE/GuardOnboarding/LiveStateShifted
[RemoteFunction] ReplicatedStorage.Packages.Networking.RF/GuardPatrol/AskEnabled
[RemoteEvent] ReplicatedStorage.Packages.Networking.RE/GuardPatrol/EnabledShifted
[RemoteEvent] ReplicatedStorage.Packages.Networking.RE/GuardPatrol/ForestHandoff
[RemoteEvent] ReplicatedStorage.Packages.Networking.RE/GuardPatrol/ForestStrike
[RemoteEvent] ReplicatedStorage.Packages.Networking.RE/GuardPatrol/Rouse
[RemoteEvent] ReplicatedStorage.Packages.Networking.RE/GuardPatrol/SpeedTollOffer
[RemoteEvent] ReplicatedStorage.Packages.Networking.RE/GuardPatrol/SpeedTollWarning
[RemoteFunction] ReplicatedStorage.Packages.Networking.RF/Codex/AskRedeemLimitedEgg
[RemoteFunction] ReplicatedStorage.Packages.Networking.RF/BossEvent/AskEnter
[RemoteFunction] ReplicatedStorage.Packages.Networking.RF/BossEvent/AskSnapshot
[RemoteEvent] ReplicatedStorage.Packages.Networking.RE/BossEvent/BlackHoleHit
[RemoteEvent] ReplicatedStorage.Packages.Networking.RE/BossEvent/BossDamaged
[RemoteEvent] ReplicatedStorage.Packages.Networking.RE/BossEvent/HazardHit
[RemoteEvent] ReplicatedStorage.Packages.Networking.RE/BossEvent/HealthShifted
[RemoteEvent] ReplicatedStorage.Packages.Networking.RE/BossEvent/StateShifted
[RemoteEvent] ReplicatedStorage.Packages.Networking.RE/BossEvent/Vfx
[RemoteFunction] ReplicatedStorage.Packages.Networking.RF/ScrambleBoss/EnterArena
[RemoteEvent] ReplicatedStorage.Packages.Networking.RE/ScrambleBoss/Fx
[RemoteEvent] ReplicatedStorage.Packages.Networking.RE/ScrambleBoss/Hazard
[RemoteEvent] ReplicatedStorage.Packages.Networking.RE/ScrambleBoss/HazardHit
[RemoteEvent] ReplicatedStorage.Packages.Networking.RE/ScrambleBoss/Transition
[RemoteFunction] ReplicatedStorage.Packages.Networking.RF/BossMastery/AskBuyShopItem
[RemoteFunction] ReplicatedStorage.Packages.Networking.RF/BossMastery/AskClaimMilestone
[RemoteFunction] ReplicatedStorage.Packages.Networking.RF/BossMastery/AskUseMutationConsumable
[RemoteFunction] ReplicatedStorage.Packages.Networking.RF/Bloomery/AskEjectEgg
[RemoteFunction] ReplicatedStorage.Packages.Networking.RF/Bloomery/AskLoadEgg
[Attachment] ReplicatedStorage.Assets.VFX.RiftTradeIn.Phase4.EggSpawn
[Model] ReplicatedStorage.Assets.VFX.RiftTradeIn.Egg
[MeshPart] ReplicatedStorage.Assets.VFX.RiftTradeIn.Egg.Meshes/PurpleEgg_Cube.008
[MeshPart] ReplicatedStorage.Assets.VFX.RiftTradeIn.Egg.Meshes/PurpleEgg_Cube.001
[MeshPart] ReplicatedStorage.Assets.VFX.RiftTradeIn.Egg.Meshes/PurpleEgg_Cube.006
[MeshPart] ReplicatedStorage.Assets.VFX.RiftTradeIn.Egg.Meshes/PurpleEgg_Cube.003
[MeshPart] ReplicatedStorage.Assets.VFX.RiftTradeIn.Aura.Meshes/PurpleEgg_Cube.008
[MeshPart] ReplicatedStorage.Assets.VFX.RiftTradeIn.Aura.Meshes/PurpleEgg_Cube.001
[MeshPart] ReplicatedStorage.Assets.VFX.RiftTradeIn.Aura.Meshes/PurpleEgg_Cube.006
[MeshPart] ReplicatedStorage.Assets.VFX.RiftTradeIn.Aura.Meshes/PurpleEgg_Cube.003
[Attachment] ReplicatedStorage.Assets.VFX.RiftTradeIn.LockedLaboratory.MainScreen.EggSpawn
[BillboardGui] ReplicatedStorage.Assets.Billboards.NightEggTimeSkip
[BillboardGui] ReplicatedStorage.Assets.Billboards.FallenEggCountdown
[ImageLabel] ReplicatedStorage.Assets.MoneyChange.EggIcon
[UIGradient] ReplicatedStorage.Assets.UI.Gradients.DragonEggEventGradient
[TextLabel] ReplicatedStorage.Assets.UI.Scramble.Card.EggName
[Folder] ReplicatedStorage.Assets.UI.ScrambleBoss
[MeshPart] ReplicatedStorage.Assets.Models.Treadmills.CelebrityTreadmill.Celebrity.Meshes/Steal an Egg Treadmills 1_Cube.018
[MeshPart] ReplicatedStorage.Assets.Models.Treadmills.CelebrityTreadmill.Celebrity.Meshes/Steal an Egg Treadmills 1_Cube.022
[MeshPart] ReplicatedStorage.Assets.Models.Treadmills.CelebrityTreadmill.Celebrity.Meshes/Steal an Egg Treadmills 1_Cube.019
[MeshPart] ReplicatedStorage.Assets.Models.Treadmills.CelebrityTreadmill.Celebrity.Meshes/Steal an Egg Treadmills 1_Cube.020
[MeshPart] ReplicatedStorage.Assets.Models.Treadmills.DemonicTreadmill.Demonic.Meshes/Steal an Egg Treadmills 1_Cube.064
[MeshPart] ReplicatedStorage.Assets.Models.Treadmills.DemonicTreadmill.Demonic.Meshes/Steal an Egg Treadmills 1_Cube.063
[MeshPart] ReplicatedStorage.Assets.Models.Treadmills.DemonicTreadmill.Demonic.Meshes/Steal an Egg Treadmills 1_Cube.007
[MeshPart] ReplicatedStorage.Assets.Models.Treadmills.GoldenTreadmill.Gold.Meshes/Steal an Egg Treadmills 1_Cube.028
[MeshPart] ReplicatedStorage.Assets.Models.Treadmills.GoldenTreadmill.Gold.Meshes/Steal an Egg Treadmills 1_Cube.034
[MeshPart] ReplicatedStorage.Assets.Models.Treadmills.HackerTreadmill.Hacker.Meshes/Steal an Egg Treadmills 1_Cube.006
[MeshPart] ReplicatedStorage.Assets.Models.Treadmills.HackerTreadmill.Hacker.Meshes/Steal an Egg Treadmills 1_Cube.057
[MeshPart] ReplicatedStorage.Assets.Models.Treadmills.HackerTreadmill.Hacker.Meshes/Steal an Egg Treadmills 1_Cube.054
[MeshPart] ReplicatedStorage.Assets.Models.Treadmills.HackerTreadmill.Hacker.Meshes/Steal an Egg Treadmills 1_Cube.053
[MeshPart] ReplicatedStorage.Assets.Models.Treadmills.HackerTreadmill.Hacker.Meshes/Steal an Egg Treadmills 1_Cube.056
[MeshPart] ReplicatedStorage.Assets.Models.Treadmills.The FreezeTreadmill.Freeze.Meshes/Steal an Egg Treadmills 1_Cube.036
[MeshPart] ReplicatedStorage.Assets.Models.Treadmills.The FreezeTreadmill.Freeze.Meshes/Steal an Egg Treadmills 1_Cube.040
[MeshPart] ReplicatedStorage.Assets.Models.Treadmills.The FreezeTreadmill.Freeze.Meshes/Steal an Egg Treadmills 1_Cube.044
[MeshPart] ReplicatedStorage.Assets.Models.Treadmills.The FreezeTreadmill.Freeze.Meshes/Steal an Egg Treadmills 1_Cube.004
[MeshPart] ReplicatedStorage.Assets.Models.Treadmills.The FreezeTreadmill.Freeze.Meshes/Steal an Egg Treadmills 1_Cube.042
[MeshPart] ReplicatedStorage.Assets.Models.Treadmills.Treadmill.Default2.Meshes/Steal an Egg Treadmills 1_Cube.015
[MeshPart] ReplicatedStorage.Assets.Models.Treadmills.Treadmill.Default2.Meshes/Steal an Egg Treadmills 1_Cube.014
[MeshPart] ReplicatedStorage.Assets.Models.Treadmills.Treadmill.Default2.Meshes/Steal an Egg Treadmills 1_Cube.013
[MeshPart] ReplicatedStorage.Assets.Models.Treadmills.Treadmill.Default2.Meshes/Steal an Egg Treadmills 1_Cube.012
[MeshPart] ReplicatedStorage.Assets.Models.Treadmills.Treadmill.Default2.Meshes/Steal an Egg Treadmills 1_Cube.005
[MeshPart] ReplicatedStorage.Assets.Models.Treadmills.Treadmill.Default2.Meshes/Steal an Egg Treadmills 1_Cube.011
[MeshPart] ReplicatedStorage.Assets.Models.Treadmills.Sci-FiTreadmill.Scifi.Meshes/Steal an Egg Treadmills 1_Cube.026
[MeshPart] ReplicatedStorage.Assets.Models.Treadmills.Sci-FiTreadmill.Scifi.Meshes/Steal an Egg Treadmills 1_Cube.027
[Part] ReplicatedStorage.Assets.Models.Treadmills.AstralTreadmill.Astral.Meshes/Steal an Egg Treadmill 2_Cube.095 (2)
[MeshPart] ReplicatedStorage.Assets.Models.Treadmills.AstralTreadmill.Astral.Meshes/Steal an Egg Treadmill 2_Cube.099 (2)
[MeshPart] ReplicatedStorage.Assets.Models.Treadmills.AstralTreadmill.Astral.Meshes/Steal an Egg Treadmill 2_Cylinder.009 (2)
[MeshPart] ReplicatedStorage.Assets.Models.Treadmills.AstralTreadmill.Astral.Meshes/Steal an Egg Treadmill 2_Cube.089 (2)
[MeshPart] ReplicatedStorage.Assets.Models.Treadmills.AstralTreadmill.Astral.Meshes/Steal an Egg Treadmill 2_Plane (2)
[MeshPart] ReplicatedStorage.Assets.Models.Treadmills.AstralTreadmill.Astral.Meshes/Steal an Egg Treadmill 2_Cylinder.005 (2)
[Folder] ReplicatedStorage.Assets.Models.Eggs
[Model] ReplicatedStorage.Assets.Models.Eggs.Tralaledon.Dinosaur Egg
[Model] ReplicatedStorage.Assets.Models.Eggs.Depths Reroll Egg
[Model] ReplicatedStorage.Assets.Models.Eggs.Alien Skeleton Boss
[Model] ReplicatedStorage.Assets.Models.Eggs.Monster Egg
[MeshPart] ReplicatedStorage.Assets.Models.Eggs.Monster Egg.Meshes/MonsterEgg_Plane.005 (2)
[MeshPart] ReplicatedStorage.Assets.Models.Eggs.Monster Egg.Meshes/MonsterEgg_Cube
[MeshPart] ReplicatedStorage.Assets.Models.Eggs.Monster Egg.Meshes/MonsterEgg_Cube.003 (2)
[MeshPart] ReplicatedStorage.Assets.Models.Eggs.Monster Egg.Meshes/MonsterEgg_Cube.001 (2)
[MeshPart] ReplicatedStorage.Assets.Models.Eggs.Monster Egg.Meshes/MonsterEgg_Cube.002 (2)
[MeshPart] ReplicatedStorage.Assets.Models.Eggs.Drill Monster.Steal an Egg Drill Egg
[MeshPart] ReplicatedStorage.Assets.Models.Eggs.Drill Monster.Steal an Egg Drill Egg
[MeshPart] ReplicatedStorage.Assets.Models.Eggs.Drill Monster.Steal an Egg Drill Egg
[MeshPart] ReplicatedStorage.Assets.Models.Eggs.King Kong.Meshes/Steal an Egg Batch 2_Plane.004
[MeshPart] ReplicatedStorage.Assets.Models.Eggs.King Kong.Meshes/Steal an Egg Batch 2_Meshesuntitledbaseegg0011.009
[MeshPart] ReplicatedStorage.Assets.Models.Eggs.King Kong.Meshes/Steal an Egg Batch 2_Meshesuntitledbaseegg0011.011
[MeshPart] ReplicatedStorage.Assets.Models.Eggs.King Kong.Meshes/Steal an Egg Batch 2_Meshesuntitledbaseegg0011.010
[MeshPart] ReplicatedStorage.Assets.Models.Eggs.King Kong.Meshes/Steal an Egg Batch 2_Cube.009
[MeshPart] ReplicatedStorage.Assets.Models.Eggs.Crab.Meshes/Steal an Egg Batch 2_Plane.001
[MeshPart] ReplicatedStorage.Assets.Models.Eggs.Crab.Meshes/Steal an Egg Batch 2_Meshesuntitledbaseegg0051
[MeshPart] ReplicatedStorage.Assets.Models.Eggs.Crab.Meshes/Steal an Egg Batch 2_Meshesuntitledcube1
[MeshPart] ReplicatedStorage.Assets.Models.Eggs.Crab.Meshes/Steal an Egg Batch 2_Meshesuntitledbaseegg0061
[MeshPart] ReplicatedStorage.Assets.Models.Eggs.Rhino.Meshes/Steal an Egg Batch 2_Meshesuntitledbaseegg0041
[MeshPart] ReplicatedStorage.Assets.Models.Eggs.Rhino.Meshes/Steal an Egg Batch 2_Meshesuntitledbaseegg0021
[MeshPart] ReplicatedStorage.Assets.Models.Eggs.Rhino.Meshes/Steal an Egg Batch 2_Meshesuntitledbaseegg0011
[MeshPart] ReplicatedStorage.Assets.Models.Eggs.Rhino.Meshes/Steal an Egg Batch 2_Meshesuntitledbaseegg0031
[MeshPart] ReplicatedStorage.Assets.Models.Eggs.Rhino.Meshes/Steal an Egg Batch 2_Plane
[MeshPart] ReplicatedStorage.Assets.Models.Eggs.Mantis.Meshes/Steal an Egg Batch 2_Meshesuntitledbaseegg0071
[MeshPart] ReplicatedStorage.Assets.Models.Eggs.Mantis.Meshes/Steal an Egg Batch 2_Plane.013
[MeshPart] ReplicatedStorage.Assets.Models.Eggs.Mantis.Meshes/Steal an Egg Batch 2_Cube
[MeshPart] ReplicatedStorage.Assets.Models.Eggs.Mantis.Meshes/Steal an Egg Batch 2_Meshesuntitledbaseegg0081
[MeshPart] ReplicatedStorage.Assets.Models.Eggs.Mantis.Meshes/Steal an Egg Batch 2_Meshesuntitledbaseegg0061.001
[MeshPart] ReplicatedStorage.Assets.Models.Eggs.Kaiju Spider.Meshes/Steal an Egg Batch 2_Meshesuntitledbaseegg0011.004
[MeshPart] ReplicatedStorage.Assets.Models.Eggs.Kaiju Spider.Meshes/Steal an Egg Batch 2_Meshesuntitledbaseegg0011.003
[MeshPart] ReplicatedStorage.Assets.Models.Eggs.Kaiju Spider.Meshes/Steal an Egg Batch 2_Meshesuntitledbaseegg0041.002
[MeshPart] ReplicatedStorage.Assets.Models.Eggs.Kaiju Spider.Meshes/Steal an Egg Batch 2_Meshesuntitledbaseegg0041.001
[MeshPart] ReplicatedStorage.Assets.Models.Eggs.Kaiju Spider.Meshes/Steal an Egg Batch 2_Plane.002
[MeshPart] ReplicatedStorage.Assets.Models.Eggs.Shark.Meshes/Steal an Egg Batch 2_Meshesuntitledbaseegg0011.005
[MeshPart] ReplicatedStorage.Assets.Models.Eggs.Shark.Meshes/Steal an Egg Batch 2_Meshesuntitledbaseegg0011.007
[MeshPart] ReplicatedStorage.Assets.Models.Eggs.Shark.Steal an Egg Batch 2
[MeshPart] ReplicatedStorage.Assets.Models.Eggs.Shark.Meshes/Steal an Egg Batch 2_Plane.003
[MeshPart] ReplicatedStorage.Assets.Models.Eggs.Shark.Meshes/Steal an Egg Batch 2_Cube.010
[MeshPart] ReplicatedStorage.Assets.Models.Eggs.Blade Head.Meshes/Steal an Egg Batch 2_Meshesuntitledbaseegg0011.008
[MeshPart] ReplicatedStorage.Assets.Models.Eggs.Blade Head.Meshes/Steal an Egg Batch 2_Meshesuntitledcube00351.004
[MeshPart] ReplicatedStorage.Assets.Models.Eggs.Blade Head.Meshes/Steal an Egg Batch 2_Meshesuntitledcube00151.004
[MeshPart] ReplicatedStorage.Assets.Models.Eggs.Godzilla.Meshes/Steal an Egg Batch 2_Meshesuntitledbaseegg0011.012
[MeshPart] ReplicatedStorage.Assets.Models.Eggs.Godzilla.Meshes/Steal an Egg Batch 2_Plane.006
[MeshPart] ReplicatedStorage.Assets.Models.Eggs.Godzilla.Meshes/Steal an Egg Batch 2_Cube.013
[MeshPart] ReplicatedStorage.Assets.Models.Eggs.Godzilla.Meshes/Steal an Egg Batch 2_Meshesuntitledbaseegg0011.013
[MeshPart] ReplicatedStorage.Assets.Models.Eggs.Godzilla.Meshes/Steal an Egg Batch 2_Meshesuntitledcube00151.005
[MeshPart] ReplicatedStorage.Assets.Models.Eggs.Godzilla.Meshes/Steal an Egg Batch 2_Cube.012
[Model] ReplicatedStorage.Assets.Models.Eggs.Mecha Egg
[MeshPart] ReplicatedStorage.Assets.Models.Eggs.Mecha Egg.Meshes/MechaMonsterEgg_Cube.001
[MeshPart] ReplicatedStorage.Assets.Models.Eggs.Mecha Egg.Meshes/MechaMonsterEgg_Cube.007
[MeshPart] ReplicatedStorage.Assets.Models.Eggs.Mecha Egg.Meshes/MechaMonsterEgg_Cube.002
[MeshPart] ReplicatedStorage.Assets.Models.Eggs.Mecha Egg.Meshes/MechaMonsterEgg_Cube.005
[MeshPart] ReplicatedStorage.Assets.Models.Eggs.Mecha Egg.Meshes/MechaMonsterEgg_Cube
[MeshPart] ReplicatedStorage.Assets.Models.Eggs.Mecha Egg.Meshes/MechaMonsterEgg_Plane.005
[MeshPart] ReplicatedStorage.Assets.Models.Eggs.Mecha Egg.Meshes/MechaMonsterEgg_Cube.003
[Model] ReplicatedStorage.Assets.Models.Eggs.Monstrous Egg
[MeshPart] ReplicatedStorage.Assets.Models.Eggs.Monstrous Egg.Meshes/PurpleEgg_Cube.008
[MeshPart] ReplicatedStorage.Assets.Models.Eggs.Monstrous Egg.Meshes/PurpleEgg_Cube.001
[MeshPart] ReplicatedStorage.Assets.Models.Eggs.Monstrous Egg.Meshes/PurpleEgg_Cube.006
[MeshPart] ReplicatedStorage.Assets.Models.Eggs.Monstrous Egg.Meshes/PurpleEgg_Cube.003
[Model] ReplicatedStorage.Assets.Models.Eggs.Boss Egg
[Model] ReplicatedStorage.Assets.Models.Eggs.Crystal Egg
[MeshPart] ReplicatedStorage.Assets.Models.Eggs.Abyss Overlord.Meshesuntitledbaseegg0011.002
[MeshPart] ReplicatedStorage.Assets.Models.Eggs.Abyss Overlord.Meshesuntitledbaseegg0011.017
[MeshPart] ReplicatedStorage.Assets.Models.Eggs.Abyss Overlord.Meshesuntitledbaseegg0011.016
[Model] ReplicatedStorage.Assets.Models.Eggs.Riftborn Egg
[MeshPart] ReplicatedStorage.Assets.Models.Eggs.Riftborn Egg.Meshesuntitledbaseegg0011.016
[MeshPart] ReplicatedStorage.Assets.Models.Eggs.Riftborn Egg.Meshesuntitledbaseegg0011.002
[MeshPart] ReplicatedStorage.Assets.Models.Eggs.Riftborn Egg.Meshesuntitledbaseegg0011.017
[Model] ReplicatedStorage.Assets.Models.Eggs.Shattered Rift Egg
[Model] ReplicatedStorage.Assets.Models.Eggs.Riftbeasts Egg
[MeshPart] ReplicatedStorage.Assets.Models.Eggs.Riftbeasts Egg.Meshesuntitledbaseegg0011.024
[MeshPart] ReplicatedStorage.Assets.Models.Eggs.Riftbeasts Egg.Meshesuntitledbaseegg0011.022
[MeshPart] ReplicatedStorage.Assets.Models.Eggs.Riftbeasts Egg.Meshesuntitledbaseegg0011.025
[MeshPart] ReplicatedStorage.Assets.Models.Eggs.Riftbeasts Egg.Meshesuntitledbaseegg0011.026
[Model] ReplicatedStorage.Assets.Models.Eggs.Ring Guard
[Model] ReplicatedStorage.Assets.Models.Eggs.Aetheron.fusedegg2
[Model] ReplicatedStorage.Assets.Models.Eggs.Depths Egg
[Model] ReplicatedStorage.Assets.Models.Eggs.LimitedExperimentEgg
[Model] ReplicatedStorage.Assets.Models.Eggs.Biohazard Egg
[Model] ReplicatedStorage.Assets.Models.Eggs.Experiment Egg
[Model] ReplicatedStorage.Assets.Models.Eggs.Extinction Egg
[Model] ReplicatedStorage.Assets.Models.Eggs.Skeletal Egg
[Folder] ReplicatedStorage.Assets.Particles.Egg Open
[Folder] ReplicatedStorage.Assets.Particles.Egg Open.PlacedEggOpen
[Model] ReplicatedStorage.Assets.Particles.Egg Open.PlacedEggOpen.EggExplode
[Part] ReplicatedStorage.Assets.Particles.Egg Open.SkipEggEffect
[Folder] ReplicatedStorage.Assets.Particles.EggRarityVFX
[Folder] ReplicatedStorage.Assets.Particles.LegacyEggRarityVFX
[Folder] ReplicatedStorage.Assets.Particles.BossFightVFX
[Part] ReplicatedStorage.Assets.Particles.BossFightVFX.BossSpawn
[Part] ReplicatedStorage.Assets.Particles.BossFightVFX.BossSlam
[Folder] ReplicatedStorage.Assets.Particles.ScrambleBossVFX
[Folder] ReplicatedStorage.Assets.Particles.ScrambleBossVFX.MechBoss
[Part] ReplicatedStorage.Assets.Particles.ScrambleBossVFX.MechBoss.BossSwipe
[Folder] ReplicatedStorage.Assets.Sounds.BossEventSounds
[Sound] ReplicatedStorage.Assets.Sounds.BossEventSounds.Boss Spawn
[Sound] ReplicatedStorage.Assets.Sounds.BossEventSounds.Boss SlamStart SFX
[Sound] ReplicatedStorage.Assets.Sounds.BossEventSounds.Boss Phase 2 SFX
[Sound] ReplicatedStorage.Assets.Sounds.BossEventSounds.Boss Slam SFX
[Sound] ReplicatedStorage.Assets.Sounds.BossEventSounds.Boss Death SFX
[Folder] ReplicatedStorage.Assets.Sounds.ScrambleBoss
[Sound] ReplicatedStorage.Assets.Sounds.ScrambleBoss.DroneFuse
[Part] ReplicatedStorage.Assets.EggPoof
[ModuleScript] ReplicatedStorage.Shared.Util.AreaEggSlotIdentity
[ModuleScript] ReplicatedStorage.Shared.Util.FuseKernel
[ModuleScript] ReplicatedStorage.Shared.Util.EggRecords
[ModuleScript] ReplicatedStorage.Shared.Util.EggScaling
[ModuleScript] ReplicatedStorage.Shared.Util.AreaEggCycle
[ModuleScript] ReplicatedStorage.Shared.Util.EventEggCategories
[ModuleScript] ReplicatedStorage.Shared.Util.GuardAreaGeometry
[ModuleScript] ReplicatedStorage.Shared.Util.ScrambleBossHazards
[ModuleScript] ReplicatedStorage.Shared.Util.ScrambleBossDrop
[ModuleScript] ReplicatedStorage.Shared.Flags.GuardTutorialFlags
[ModuleScript] ReplicatedStorage.Shared.Flags.BossEventFlags
[ModuleScript] ReplicatedStorage.Shared.Flags.BossMasteryFlags
[ModuleScript] ReplicatedStorage.Shared.Flags.EggFlags
[ModuleScript] ReplicatedStorage.Shared.Flags.FuseFlags
[ModuleScript] ReplicatedStorage.Shared.Flags.ScrambleBossFlags
[Folder] ReplicatedStorage.Shared.Eggs
[ModuleScript] ReplicatedStorage.Shared.Eggs.EggHatchAnimation
[ModuleScript] ReplicatedStorage.Shared.Eggs.NightEggTimeSkipAnimation
[ModuleScript] ReplicatedStorage.Shared.Eggs.EggActionMovement
[ModuleScript] ReplicatedStorage.Shared.Eggs.EggPlaceAnimation
[ModuleScript] ReplicatedStorage.Shared.Eggs.EggToolDisplay
[ModuleScript] ReplicatedStorage.Shared.Eggs.EggSkipAnimation
[ModuleScript] ReplicatedStorage.Shared.Eggs.PlacedEggRenderer
[ModuleScript] ReplicatedStorage.Shared.Eggs.PlacedEggGrowthPresentationPolicy
[ModuleScript] ReplicatedStorage.Shared.Eggs.EggGrowthAnimation
[ModuleScript] ReplicatedStorage.Shared.Eggs.PlacedEggReadyPulse
[ModuleScript] ReplicatedStorage.Shared.Eggs.EggPlacementRaycast
[ModuleScript] ReplicatedStorage.Shared.Eggs.PlacedEggBillboard
[ModuleScript] ReplicatedStorage.Shared.Eggs.GrowingEggListRow
[ModuleScript] ReplicatedStorage.Shared.Eggs.EggRenderer
[ModuleScript] ReplicatedStorage.Shared.Eggs.EggMechaUpgradeAnimation
[ModuleScript] ReplicatedStorage.Shared.Eggs.EggEnergyOrbField
[Folder] ReplicatedStorage.Shared.Modules.GuardAreas
[ModuleScript] ReplicatedStorage.Shared.Modules.GuardAreas.GuardMovementRecovery
[ModuleScript] ReplicatedStorage.Shared.Modules.GuardAreas.GuardDistance
[ModuleScript] ReplicatedStorage.Shared.Modules.GuardAreas.GuardChasePolicy
[ModuleScript] ReplicatedStorage.Shared.Modules.GuardAreas.GuardEscapePrediction
[ModuleScript] ReplicatedStorage.Shared.Modules.GuardAreas.GuardComponent
[ModuleScript] ReplicatedStorage.Shared.Modules.GuardAreas.GuardEggRetrievalComponent
[ModuleScript] ReplicatedStorage.Shared.Modules.GuardAreas.GuardPresentationComponent
[ModuleScript] ReplicatedStorage.Shared.Modules.GuardAreas.GuardReturnHomeDistanceResolver
[ModuleScript] ReplicatedStorage.Shared.Modules.GuardAreas.GuardEscapeRequirement
[ModuleScript] ReplicatedStorage.Shared.Types.AreaEggResetCycle
[ModuleScript] ReplicatedStorage.Shared.Types.AreaEggs
[ModuleScript] ReplicatedStorage.Shared.Types.GuardAreas
[ModuleScript] ReplicatedStorage.Shared.Types.Eggs
[ModuleScript] ReplicatedStorage.Shared.Types.GuardTutorial
[ModuleScript] ReplicatedStorage.Shared.Types.FuseMachine
[ModuleScript] ReplicatedStorage.Shared.Types.BossMastery
[ModuleScript] ReplicatedStorage.Shared.Utils.GuardEscape
[Model] ReplicatedStorage.AssetModels.Alien Skeleton Boss
[MeshPart] ReplicatedStorage.AssetModels.Kraken.Model.Models for egg.032
[MeshPart] ReplicatedStorage.AssetModels.Kraken.Model.Models for egg.013
[MeshPart] ReplicatedStorage.AssetModels.Kraken.Model.Models for egg.023
[MeshPart] ReplicatedStorage.AssetModels.Kraken.Model.Models for egg.006
[MeshPart] ReplicatedStorage.AssetModels.Kraken.Model.Models for egg.039
[Weld] ReplicatedStorage.AssetModels.Kraken.Model.Models for egg.039.Models for egg.026
[MeshPart] ReplicatedStorage.AssetModels.Kraken.Model.Models for egg.049
[Motor6D] ReplicatedStorage.AssetModels.Kraken.Model.Models for egg.049.Models for egg.048
[Weld] ReplicatedStorage.AssetModels.Kraken.Model.Models for egg.049.Models for egg.023
[MeshPart] ReplicatedStorage.AssetModels.Kraken.Model.Models for egg.014
[MeshPart] ReplicatedStorage.AssetModels.Kraken.Model.Models for egg.007
[MeshPart] ReplicatedStorage.AssetModels.Kraken.Model.Models for egg.054
[Weld] ReplicatedStorage.AssetModels.Kraken.Model.Models for egg.054.Models for egg.007
[MeshPart] ReplicatedStorage.AssetModels.Kraken.Model.Models for egg.020
[MeshPart] ReplicatedStorage.AssetModels.Kraken.Model.Models for egg.009
[Weld] ReplicatedStorage.AssetModels.Kraken.Model.Models for egg.009.Models for egg.025
[MeshPart] ReplicatedStorage.AssetModels.Kraken.Model.Models for egg.047
[Motor6D] ReplicatedStorage.AssetModels.Kraken.Model.Models for egg.047.Models for egg.049
[Weld] ReplicatedStorage.AssetModels.Kraken.Model.Models for egg.047.Models for egg.016
[MeshPart] ReplicatedStorage.AssetModels.Kraken.Model.Models for egg.055
[Weld] ReplicatedStorage.AssetModels.Kraken.Model.Models for egg.055.Models for egg.021
[Motor6D] ReplicatedStorage.AssetModels.Kraken.Model.Models for egg.055.Models for egg.054
[MeshPart] ReplicatedStorage.AssetModels.Kraken.Model.Models for egg.008
[Motor6D] ReplicatedStorage.AssetModels.Kraken.Model.Models for egg.008.Models for egg.010
[Weld] ReplicatedStorage.AssetModels.Kraken.Model.Models for egg.008.Models for egg.013
[MeshPart] ReplicatedStorage.AssetModels.Kraken.Model.Models for egg.024
[MeshPart] ReplicatedStorage.AssetModels.Kraken.Model.Models for egg.027
[MeshPart] ReplicatedStorage.AssetModels.Kraken.Model.Models for egg.050
[Weld] ReplicatedStorage.AssetModels.Kraken.Model.Models for egg.050.Models for egg.015
[Motor6D] ReplicatedStorage.AssetModels.Kraken.Model.Models for egg.050.Models for egg.052
[MeshPart] ReplicatedStorage.AssetModels.Kraken.Model.Models for egg.040
[Weld] ReplicatedStorage.AssetModels.Kraken.Model.Models for egg.040.Models for egg.019
[Motor6D] ReplicatedStorage.AssetModels.Kraken.Model.Models for egg.040.Models for egg.039
[MeshPart] ReplicatedStorage.AssetModels.Kraken.Model.Models for egg.028
[MeshPart] ReplicatedStorage.AssetModels.Kraken.Model.Models for egg.036
[Weld] ReplicatedStorage.AssetModels.Kraken.Model.Models for egg.036.Models for egg.029
[MeshPart] ReplicatedStorage.AssetModels.Kraken.Model.Models for egg.031
[Motor6D] ReplicatedStorage.AssetModels.Kraken.Model.Root.Models for egg.003
[MeshPart] ReplicatedStorage.AssetModels.Kraken.Model.Models for egg.052
[Weld] ReplicatedStorage.AssetModels.Kraken.Model.Models for egg.052.Models for egg.022
[Motor6D] ReplicatedStorage.AssetModels.Kraken.Model.Models for egg.052.Models for egg.051
[MeshPart] ReplicatedStorage.AssetModels.Kraken.Model.Models for egg.012
[MeshPart] ReplicatedStorage.AssetModels.Kraken.Model.Models for egg.053
[Motor6D] ReplicatedStorage.AssetModels.Kraken.Model.Models for egg.053.Models for egg.055
[Weld] ReplicatedStorage.AssetModels.Kraken.Model.Models for egg.053.Models for egg.014
[MeshPart] ReplicatedStorage.AssetModels.Kraken.Model.Models for egg.018
[MeshPart] ReplicatedStorage.AssetModels.Kraken.Model.Models for egg.021
[MeshPart] ReplicatedStorage.AssetModels.Kraken.Model.Models for egg.015
[MeshPart] ReplicatedStorage.AssetModels.Kraken.Model.Models for egg.035
[Motor6D] ReplicatedStorage.AssetModels.Kraken.Model.Models for egg.035.Models for egg.037
[Weld] ReplicatedStorage.AssetModels.Kraken.Model.Models for egg.035.Models for egg.011
[MeshPart] ReplicatedStorage.AssetModels.Kraken.Model.Models for egg.011
[MeshPart] ReplicatedStorage.AssetModels.Kraken.Model.Models for egg.042
[Weld] ReplicatedStorage.AssetModels.Kraken.Model.Models for egg.042.Models for egg.030
[MeshPart] ReplicatedStorage.AssetModels.Kraken.Model.Models for egg.037
[Motor6D] ReplicatedStorage.AssetModels.Kraken.Model.Models for egg.037.Models for egg.036
[Weld] ReplicatedStorage.AssetModels.Kraken.Model.Models for egg.037.Models for egg.027
[MeshPart] ReplicatedStorage.AssetModels.Kraken.Model.Models for egg.016
[MeshPart] ReplicatedStorage.AssetModels.Kraken.Model.Models for egg.044
[Weld] ReplicatedStorage.AssetModels.Kraken.Model.Models for egg.044.Models for egg.017
[Motor6D] ReplicatedStorage.AssetModels.Kraken.Model.Models for egg.044.Models for egg.046
[MeshPart] ReplicatedStorage.AssetModels.Kraken.Model.Models for egg.045
[Weld] ReplicatedStorage.AssetModels.Kraken.Model.Models for egg.045.Models for egg.031
[MeshPart] ReplicatedStorage.AssetModels.Kraken.Model.Models for egg.010
[Weld] ReplicatedStorage.AssetModels.Kraken.Model.Models for egg.010.Models for egg.020
[Motor6D] ReplicatedStorage.AssetModels.Kraken.Model.Models for egg.010.Models for egg.009
[MeshPart] ReplicatedStorage.AssetModels.Kraken.Model.Models for egg.025
[MeshPart] ReplicatedStorage.AssetModels.Kraken.Model.Models for egg.041
[Motor6D] ReplicatedStorage.AssetModels.Kraken.Model.Models for egg.041.Models for egg.043
[Weld] ReplicatedStorage.AssetModels.Kraken.Model.Models for egg.041.Models for egg.018
[MeshPart] ReplicatedStorage.AssetModels.Kraken.Model.Models for egg.030
[MeshPart] ReplicatedStorage.AssetModels.Kraken.Model.Models for egg.022
[MeshPart] ReplicatedStorage.AssetModels.Kraken.Model.Models for egg.004
[MeshPart] ReplicatedStorage.AssetModels.Kraken.Model.Models for egg.033
[MeshPart] ReplicatedStorage.AssetModels.Kraken.Model.Models for egg.048
[Weld] ReplicatedStorage.AssetModels.Kraken.Model.Models for egg.048.Models for egg.032
[MeshPart] ReplicatedStorage.AssetModels.Kraken.Model.Models for egg.046
[Weld] ReplicatedStorage.AssetModels.Kraken.Model.Models for egg.046.Models for egg.024
[Motor6D] ReplicatedStorage.AssetModels.Kraken.Model.Models for egg.046.Models for egg.045
[MeshPart] ReplicatedStorage.AssetModels.Kraken.Model.Models for egg.026
[MeshPart] ReplicatedStorage.AssetModels.Kraken.Model.Models for egg.051
[Weld] ReplicatedStorage.AssetModels.Kraken.Model.Models for egg.051.Models for egg.033
[MeshPart] ReplicatedStorage.AssetModels.Kraken.Model.Models for egg.005
[MeshPart] ReplicatedStorage.AssetModels.Kraken.Model.Models for egg.017
[MeshPart] ReplicatedStorage.AssetModels.Kraken.Model.Models for egg.043
[Motor6D] ReplicatedStorage.AssetModels.Kraken.Model.Models for egg.043.Models for egg.042
[Weld] ReplicatedStorage.AssetModels.Kraken.Model.Models for egg.043.Models for egg.028
[MeshPart] ReplicatedStorage.AssetModels.Kraken.Model.Models for egg.003
[Motor6D] ReplicatedStorage.AssetModels.Kraken.Model.Models for egg.003.Models for egg.008
[Weld] ReplicatedStorage.AssetModels.Kraken.Model.Models for egg.003.Models for egg.005
[Motor6D] ReplicatedStorage.AssetModels.Kraken.Model.Models for egg.003.Models for egg.050
[Motor6D] ReplicatedStorage.AssetModels.Kraken.Model.Models for egg.003.Models for egg.038
[Weld] ReplicatedStorage.AssetModels.Kraken.Model.Models for egg.003.Models for egg.004
[Motor6D] ReplicatedStorage.AssetModels.Kraken.Model.Models for egg.003.Models for egg.047
[Motor6D] ReplicatedStorage.AssetModels.Kraken.Model.Models for egg.003.Models for egg.053
[Motor6D] ReplicatedStorage.AssetModels.Kraken.Model.Models for egg.003.Models for egg.041
[Weld] ReplicatedStorage.AssetModels.Kraken.Model.Models for egg.003.Models for egg.034
[Motor6D] ReplicatedStorage.AssetModels.Kraken.Model.Models for egg.003.Models for egg.044
[Weld] ReplicatedStorage.AssetModels.Kraken.Model.Models for egg.003.Models for egg.001
[Motor6D] ReplicatedStorage.AssetModels.Kraken.Model.Models for egg.003.Models for egg.035
[Weld] ReplicatedStorage.AssetModels.Kraken.Model.Models for egg.003.Models for egg.006
[MeshPart] ReplicatedStorage.AssetModels.Kraken.Model.Models for egg.038
[Weld] ReplicatedStorage.AssetModels.Kraken.Model.Models for egg.038.Models for egg.012
[Motor6D] ReplicatedStorage.AssetModels.Kraken.Model.Models for egg.038.Models for egg.040
[MeshPart] ReplicatedStorage.AssetModels.Kraken.Model.Models for egg.034
[MeshPart] ReplicatedStorage.AssetModels.Kraken.Model.Models for egg.029
[MeshPart] ReplicatedStorage.AssetModels.Kraken.Model.Models for egg.001
[MeshPart] ReplicatedStorage.AssetModels.Kraken.Model.Models for egg.019
[MeshPart] ReplicatedStorage.AssetModels.Riptide Octopus.Model.Models for egg.032
[MeshPart] ReplicatedStorage.AssetModels.Riptide Octopus.Model.Models for egg.013
[MeshPart] ReplicatedStorage.AssetModels.Riptide Octopus.Model.Models for egg.023
[MeshPart] ReplicatedStorage.AssetModels.Riptide Octopus.Model.Models for egg.006
[MeshPart] ReplicatedStorage.AssetModels.Riptide Octopus.Model.Models for egg.039
[Weld] ReplicatedStorage.AssetModels.Riptide Octopus.Model.Models for egg.039.Models for egg.026
[MeshPart] ReplicatedStorage.AssetModels.Riptide Octopus.Model.Models for egg.049
[Motor6D] ReplicatedStorage.AssetModels.Riptide Octopus.Model.Models for egg.049.Models for egg.048
[Weld] ReplicatedStorage.AssetModels.Riptide Octopus.Model.Models for egg.049.Models for egg.023
[MeshPart] ReplicatedStorage.AssetModels.Riptide Octopus.Model.Models for egg.014
[MeshPart] ReplicatedStorage.AssetModels.Riptide Octopus.Model.Models for egg.007
[MeshPart] ReplicatedStorage.AssetModels.Riptide Octopus.Model.Models for egg.054
[Weld] ReplicatedStorage.AssetModels.Riptide Octopus.Model.Models for egg.054.Models for egg.007
[MeshPart] ReplicatedStorage.AssetModels.Riptide Octopus.Model.Models for egg.020
[MeshPart] ReplicatedStorage.AssetModels.Riptide Octopus.Model.Models for egg.009
[Weld] ReplicatedStorage.AssetModels.Riptide Octopus.Model.Models for egg.009.Models for egg.025
[MeshPart] ReplicatedStorage.AssetModels.Riptide Octopus.Model.Models for egg.047
[Motor6D] ReplicatedStorage.AssetModels.Riptide Octopus.Model.Models for egg.047.Models for egg.049
[Weld] ReplicatedStorage.AssetModels.Riptide Octopus.Model.Models for egg.047.Models for egg.016
[MeshPart] ReplicatedStorage.AssetModels.Riptide Octopus.Model.Models for egg.055
[Weld] ReplicatedStorage.AssetModels.Riptide Octopus.Model.Models for egg.055.Models for egg.021
[Motor6D] ReplicatedStorage.AssetModels.Riptide Octopus.Model.Models for egg.055.Models for egg.054
[MeshPart] ReplicatedStorage.AssetModels.Riptide Octopus.Model.Models for egg.008
[Motor6D] ReplicatedStorage.AssetModels.Riptide Octopus.Model.Models for egg.008.Models for egg.010
[Weld] ReplicatedStorage.AssetModels.Riptide Octopus.Model.Models for egg.008.Models for egg.013
[MeshPart] ReplicatedStorage.AssetModels.Riptide Octopus.Model.Models for egg.024
[MeshPart] ReplicatedStorage.AssetModels.Riptide Octopus.Model.Models for egg.027
[MeshPart] ReplicatedStorage.AssetModels.Riptide Octopus.Model.Models for egg.050
[Weld] ReplicatedStorage.AssetModels.Riptide Octopus.Model.Models for egg.050.Models for egg.015
[Motor6D] ReplicatedStorage.AssetModels.Riptide Octopus.Model.Models for egg.050.Models for egg.052
[MeshPart] ReplicatedStorage.AssetModels.Riptide Octopus.Model.Models for egg.040
[Weld] ReplicatedStorage.AssetModels.Riptide Octopus.Model.Models for egg.040.Models for egg.019
[Motor6D] ReplicatedStorage.AssetModels.Riptide Octopus.Model.Models for egg.040.Models for egg.039
[MeshPart] ReplicatedStorage.AssetModels.Riptide Octopus.Model.Models for egg.028
[MeshPart] ReplicatedStorage.AssetModels.Riptide Octopus.Model.Models for egg.036
[Weld] ReplicatedStorage.AssetModels.Riptide Octopus.Model.Models for egg.036.Models for egg.029
[MeshPart] ReplicatedStorage.AssetModels.Riptide Octopus.Model.Models for egg.031
[Motor6D] ReplicatedStorage.AssetModels.Riptide Octopus.Model.Root.Models for egg.003
[MeshPart] ReplicatedStorage.AssetModels.Riptide Octopus.Model.Models for egg.052
[Weld] ReplicatedStorage.AssetModels.Riptide Octopus.Model.Models for egg.052.Models for egg.022
[Motor6D] ReplicatedStorage.AssetModels.Riptide Octopus.Model.Models for egg.052.Models for egg.051
[MeshPart] ReplicatedStorage.AssetModels.Riptide Octopus.Model.Models for egg.012
[MeshPart] ReplicatedStorage.AssetModels.Riptide Octopus.Model.Models for egg.053
[Motor6D] ReplicatedStorage.AssetModels.Riptide Octopus.Model.Models for egg.053.Models for egg.055
[Weld] ReplicatedStorage.AssetModels.Riptide Octopus.Model.Models for egg.053.Models for egg.014
[MeshPart] ReplicatedStorage.AssetModels.Riptide Octopus.Model.Models for egg.018
[MeshPart] ReplicatedStorage.AssetModels.Riptide Octopus.Model.Models for egg.021
[MeshPart] ReplicatedStorage.AssetModels.Riptide Octopus.Model.Models for egg.015
[MeshPart] ReplicatedStorage.AssetModels.Riptide Octopus.Model.Models for egg.035
[Motor6D] ReplicatedStorage.AssetModels.Riptide Octopus.Model.Models for egg.035.Models for egg.037
[Weld] ReplicatedStorage.AssetModels.Riptide Octopus.Model.Models for egg.035.Models for egg.011
[MeshPart] ReplicatedStorage.AssetModels.Riptide Octopus.Model.Models for egg.011
[MeshPart] ReplicatedStorage.AssetModels.Riptide Octopus.Model.Models for egg.042
[Weld] ReplicatedStorage.AssetModels.Riptide Octopus.Model.Models for egg.042.Models for egg.030
[MeshPart] ReplicatedStorage.AssetModels.Riptide Octopus.Model.Models for egg.037
[Motor6D] ReplicatedStorage.AssetModels.Riptide Octopus.Model.Models for egg.037.Models for egg.036
[Weld] ReplicatedStorage.AssetModels.Riptide Octopus.Model.Models for egg.037.Models for egg.027
[MeshPart] ReplicatedStorage.AssetModels.Riptide Octopus.Model.Models for egg.016
[MeshPart] ReplicatedStorage.AssetModels.Riptide Octopus.Model.Models for egg.044
[Weld] ReplicatedStorage.AssetModels.Riptide Octopus.Model.Models for egg.044.Models for egg.017
[Motor6D] ReplicatedStorage.AssetModels.Riptide Octopus.Model.Models for egg.044.Models for egg.046
[MeshPart] ReplicatedStorage.AssetModels.Riptide Octopus.Model.Models for egg.045
[Weld] ReplicatedStorage.AssetModels.Riptide Octopus.Model.Models for egg.045.Models for egg.031
[MeshPart] ReplicatedStorage.AssetModels.Riptide Octopus.Model.Models for egg.010
[Weld] ReplicatedStorage.AssetModels.Riptide Octopus.Model.Models for egg.010.Models for egg.020
[Motor6D] ReplicatedStorage.AssetModels.Riptide Octopus.Model.Models for egg.010.Models for egg.009
[MeshPart] ReplicatedStorage.AssetModels.Riptide Octopus.Model.Models for egg.025
[MeshPart] ReplicatedStorage.AssetModels.Riptide Octopus.Model.Models for egg.041
[Motor6D] ReplicatedStorage.AssetModels.Riptide Octopus.Model.Models for egg.041.Models for egg.043
[Weld] ReplicatedStorage.AssetModels.Riptide Octopus.Model.Models for egg.041.Models for egg.018
[MeshPart] ReplicatedStorage.AssetModels.Riptide Octopus.Model.Models for egg.030
[MeshPart] ReplicatedStorage.AssetModels.Riptide Octopus.Model.Models for egg.022
[MeshPart] ReplicatedStorage.AssetModels.Riptide Octopus.Model.Models for egg.004
[MeshPart] ReplicatedStorage.AssetModels.Riptide Octopus.Model.Models for egg.033
[MeshPart] ReplicatedStorage.AssetModels.Riptide Octopus.Model.Models for egg.048
[Weld] ReplicatedStorage.AssetModels.Riptide Octopus.Model.Models for egg.048.Models for egg.032
[MeshPart] ReplicatedStorage.AssetModels.Riptide Octopus.Model.Models for egg.046
[Weld] ReplicatedStorage.AssetModels.Riptide Octopus.Model.Models for egg.046.Models for egg.024
[Motor6D] ReplicatedStorage.AssetModels.Riptide Octopus.Model.Models for egg.046.Models for egg.045
[MeshPart] ReplicatedStorage.AssetModels.Riptide Octopus.Model.Models for egg.026
[MeshPart] ReplicatedStorage.AssetModels.Riptide Octopus.Model.Models for egg.051
[Weld] ReplicatedStorage.AssetModels.Riptide Octopus.Model.Models for egg.051.Models for egg.033
[MeshPart] ReplicatedStorage.AssetModels.Riptide Octopus.Model.Models for egg.005
[MeshPart] ReplicatedStorage.AssetModels.Riptide Octopus.Model.Models for egg.017
[MeshPart] ReplicatedStorage.AssetModels.Riptide Octopus.Model.Models for egg.043
[Motor6D] ReplicatedStorage.AssetModels.Riptide Octopus.Model.Models for egg.043.Models for egg.042
[Weld] ReplicatedStorage.AssetModels.Riptide Octopus.Model.Models for egg.043.Models for egg.028
[MeshPart] ReplicatedStorage.AssetModels.Riptide Octopus.Model.Models for egg.003
[Motor6D] ReplicatedStorage.AssetModels.Riptide Octopus.Model.Models for egg.003.Models for egg.008
[Weld] ReplicatedStorage.AssetModels.Riptide Octopus.Model.Models for egg.003.Models for egg.005
[Motor6D] ReplicatedStorage.AssetModels.Riptide Octopus.Model.Models for egg.003.Models for egg.050
[Motor6D] ReplicatedStorage.AssetModels.Riptide Octopus.Model.Models for egg.003.Models for egg.038
[Weld] ReplicatedStorage.AssetModels.Riptide Octopus.Model.Models for egg.003.Models for egg.004
[Motor6D] ReplicatedStorage.AssetModels.Riptide Octopus.Model.Models for egg.003.Models for egg.047
[Motor6D] ReplicatedStorage.AssetModels.Riptide Octopus.Model.Models for egg.003.Models for egg.053
[Motor6D] ReplicatedStorage.AssetModels.Riptide Octopus.Model.Models for egg.003.Models for egg.041
[Weld] ReplicatedStorage.AssetModels.Riptide Octopus.Model.Models for egg.003.Models for egg.034
[Motor6D] ReplicatedStorage.AssetModels.Riptide Octopus.Model.Models for egg.003.Models for egg.044
[Weld] ReplicatedStorage.AssetModels.Riptide Octopus.Model.Models for egg.003.Models for egg.001
[Motor6D] ReplicatedStorage.AssetModels.Riptide Octopus.Model.Models for egg.003.Models for egg.035
[Weld] ReplicatedStorage.AssetModels.Riptide Octopus.Model.Models for egg.003.Models for egg.006
[MeshPart] ReplicatedStorage.AssetModels.Riptide Octopus.Model.Models for egg.038
[Weld] ReplicatedStorage.AssetModels.Riptide Octopus.Model.Models for egg.038.Models for egg.012
[Motor6D] ReplicatedStorage.AssetModels.Riptide Octopus.Model.Models for egg.038.Models for egg.040
[MeshPart] ReplicatedStorage.AssetModels.Riptide Octopus.Model.Models for egg.034
[MeshPart] ReplicatedStorage.AssetModels.Riptide Octopus.Model.Models for egg.029
[MeshPart] ReplicatedStorage.AssetModels.Riptide Octopus.Model.Models for egg.001
[MeshPart] ReplicatedStorage.AssetModels.Riptide Octopus.Model.Models for egg.019
[MeshPart] ReplicatedStorage.AssetModels.Depths Riptide Octopus.Model.Models for egg.032
[MeshPart] ReplicatedStorage.AssetModels.Depths Riptide Octopus.Model.Models for egg.013
[MeshPart] ReplicatedStorage.AssetModels.Depths Riptide Octopus.Model.Models for egg.023
[MeshPart] ReplicatedStorage.AssetModels.Depths Riptide Octopus.Model.Models for egg.006
[MeshPart] ReplicatedStorage.AssetModels.Depths Riptide Octopus.Model.Models for egg.039
[Weld] ReplicatedStorage.AssetModels.Depths Riptide Octopus.Model.Models for egg.039.Models for egg.026
[MeshPart] ReplicatedStorage.AssetModels.Depths Riptide Octopus.Model.Models for egg.049
[Motor6D] ReplicatedStorage.AssetModels.Depths Riptide Octopus.Model.Models for egg.049.Models for egg.048
[Weld] ReplicatedStorage.AssetModels.Depths Riptide Octopus.Model.Models for egg.049.Models for egg.023
[MeshPart] ReplicatedStorage.AssetModels.Depths Riptide Octopus.Model.Models for egg.014
[MeshPart] ReplicatedStorage.AssetModels.Depths Riptide Octopus.Model.Models for egg.007
[MeshPart] ReplicatedStorage.AssetModels.Depths Riptide Octopus.Model.Models for egg.054
[Weld] ReplicatedStorage.AssetModels.Depths Riptide Octopus.Model.Models for egg.054.Models for egg.007
[MeshPart] ReplicatedStorage.AssetModels.Depths Riptide Octopus.Model.Models for egg.020
[MeshPart] ReplicatedStorage.AssetModels.Depths Riptide Octopus.Model.Models for egg.009
[Weld] ReplicatedStorage.AssetModels.Depths Riptide Octopus.Model.Models for egg.009.Models for egg.025
[MeshPart] ReplicatedStorage.AssetModels.Depths Riptide Octopus.Model.Models for egg.047
[Motor6D] ReplicatedStorage.AssetModels.Depths Riptide Octopus.Model.Models for egg.047.Models for egg.049
[Weld] ReplicatedStorage.AssetModels.Depths Riptide Octopus.Model.Models for egg.047.Models for egg.016
[MeshPart] ReplicatedStorage.AssetModels.Depths Riptide Octopus.Model.Models for egg.055
[Weld] ReplicatedStorage.AssetModels.Depths Riptide Octopus.Model.Models for egg.055.Models for egg.021
[Motor6D] ReplicatedStorage.AssetModels.Depths Riptide Octopus.Model.Models for egg.055.Models for egg.054
[MeshPart] ReplicatedStorage.AssetModels.Depths Riptide Octopus.Model.Models for egg.008
[Motor6D] ReplicatedStorage.AssetModels.Depths Riptide Octopus.Model.Models for egg.008.Models for egg.010
[Weld] ReplicatedStorage.AssetModels.Depths Riptide Octopus.Model.Models for egg.008.Models for egg.013
[MeshPart] ReplicatedStorage.AssetModels.Depths Riptide Octopus.Model.Models for egg.024
[MeshPart] ReplicatedStorage.AssetModels.Depths Riptide Octopus.Model.Models for egg.027
[MeshPart] ReplicatedStorage.AssetModels.Depths Riptide Octopus.Model.Models for egg.050
[Weld] ReplicatedStorage.AssetModels.Depths Riptide Octopus.Model.Models for egg.050.Models for egg.015
[Motor6D] ReplicatedStorage.AssetModels.Depths Riptide Octopus.Model.Models for egg.050.Models for egg.052
[MeshPart] ReplicatedStorage.AssetModels.Depths Riptide Octopus.Model.Models for egg.040
[Weld] ReplicatedStorage.AssetModels.Depths Riptide Octopus.Model.Models for egg.040.Models for egg.019
[Motor6D] ReplicatedStorage.AssetModels.Depths Riptide Octopus.Model.Models for egg.040.Models for egg.039
[MeshPart] ReplicatedStorage.AssetModels.Depths Riptide Octopus.Model.Models for egg.028
[MeshPart] ReplicatedStorage.AssetModels.Depths Riptide Octopus.Model.Models for egg.036
[Weld] ReplicatedStorage.AssetModels.Depths Riptide Octopus.Model.Models for egg.036.Models for egg.029
[MeshPart] ReplicatedStorage.AssetModels.Depths Riptide Octopus.Model.Models for egg.031
[Motor6D] ReplicatedStorage.AssetModels.Depths Riptide Octopus.Model.Root.Models for egg.003
[MeshPart] ReplicatedStorage.AssetModels.Depths Riptide Octopus.Model.Models for egg.052
[Weld] ReplicatedStorage.AssetModels.Depths Riptide Octopus.Model.Models for egg.052.Models for egg.022
[Motor6D] ReplicatedStorage.AssetModels.Depths Riptide Octopus.Model.Models for egg.052.Models for egg.051
[MeshPart] ReplicatedStorage.AssetModels.Depths Riptide Octopus.Model.Models for egg.012
[MeshPart] ReplicatedStorage.AssetModels.Depths Riptide Octopus.Model.Models for egg.053
[Motor6D] ReplicatedStorage.AssetModels.Depths Riptide Octopus.Model.Models for egg.053.Models for egg.055
[Weld] ReplicatedStorage.AssetModels.Depths Riptide Octopus.Model.Models for egg.053.Models for egg.014
[MeshPart] ReplicatedStorage.AssetModels.Depths Riptide Octopus.Model.Models for egg.018
[MeshPart] ReplicatedStorage.AssetModels.Depths Riptide Octopus.Model.Models for egg.021
[MeshPart] ReplicatedStorage.AssetModels.Depths Riptide Octopus.Model.Models for egg.015
[MeshPart] ReplicatedStorage.AssetModels.Depths Riptide Octopus.Model.Models for egg.035
[Motor6D] ReplicatedStorage.AssetModels.Depths Riptide Octopus.Model.Models for egg.035.Models for egg.037
[Weld] ReplicatedStorage.AssetModels.Depths Riptide Octopus.Model.Models for egg.035.Models for egg.011
[MeshPart] ReplicatedStorage.AssetModels.Depths Riptide Octopus.Model.Models for egg.011
[MeshPart] ReplicatedStorage.AssetModels.Depths Riptide Octopus.Model.Models for egg.042
[Weld] ReplicatedStorage.AssetModels.Depths Riptide Octopus.Model.Models for egg.042.Models for egg.030
[MeshPart] ReplicatedStorage.AssetModels.Depths Riptide Octopus.Model.Models for egg.037
[Motor6D] ReplicatedStorage.AssetModels.Depths Riptide Octopus.Model.Models for egg.037.Models for egg.036
[Weld] ReplicatedStorage.AssetModels.Depths Riptide Octopus.Model.Models for egg.037.Models for egg.027
[MeshPart] ReplicatedStorage.AssetModels.Depths Riptide Octopus.Model.Models for egg.016
[MeshPart] ReplicatedStorage.AssetModels.Depths Riptide Octopus.Model.Models for egg.044
[Weld] ReplicatedStorage.AssetModels.Depths Riptide Octopus.Model.Models for egg.044.Models for egg.017
[Motor6D] ReplicatedStorage.AssetModels.Depths Riptide Octopus.Model.Models for egg.044.Models for egg.046
[MeshPart] ReplicatedStorage.AssetModels.Depths Riptide Octopus.Model.Models for egg.045
[Weld] ReplicatedStorage.AssetModels.Depths Riptide Octopus.Model.Models for egg.045.Models for egg.031
[MeshPart] ReplicatedStorage.AssetModels.Depths Riptide Octopus.Model.Models for egg.010
[Weld] ReplicatedStorage.AssetModels.Depths Riptide Octopus.Model.Models for egg.010.Models for egg.020
[Motor6D] ReplicatedStorage.AssetModels.Depths Riptide Octopus.Model.Models for egg.010.Models for egg.009
[MeshPart] ReplicatedStorage.AssetModels.Depths Riptide Octopus.Model.Models for egg.025
[MeshPart] ReplicatedStorage.AssetModels.Depths Riptide Octopus.Model.Models for egg.041
[Motor6D] ReplicatedStorage.AssetModels.Depths Riptide Octopus.Model.Models for egg.041.Models for egg.043
[Weld] ReplicatedStorage.AssetModels.Depths Riptide Octopus.Model.Models for egg.041.Models for egg.018
[MeshPart] ReplicatedStorage.AssetModels.Depths Riptide Octopus.Model.Models for egg.030
[MeshPart] ReplicatedStorage.AssetModels.Depths Riptide Octopus.Model.Models for egg.022
[MeshPart] ReplicatedStorage.AssetModels.Depths Riptide Octopus.Model.Models for egg.004
[MeshPart] ReplicatedStorage.AssetModels.Depths Riptide Octopus.Model.Models for egg.033
[MeshPart] ReplicatedStorage.AssetModels.Depths Riptide Octopus.Model.Models for egg.048
[Weld] ReplicatedStorage.AssetModels.Depths Riptide Octopus.Model.Models for egg.048.Models for egg.032
[MeshPart] ReplicatedStorage.AssetModels.Depths Riptide Octopus.Model.Models for egg.046
[Weld] ReplicatedStorage.AssetModels.Depths Riptide Octopus.Model.Models for egg.046.Models for egg.024
[Motor6D] ReplicatedStorage.AssetModels.Depths Riptide Octopus.Model.Models for egg.046.Models for egg.045
[MeshPart] ReplicatedStorage.AssetModels.Depths Riptide Octopus.Model.Models for egg.026
[MeshPart] ReplicatedStorage.AssetModels.Depths Riptide Octopus.Model.Models for egg.051
[Weld] ReplicatedStorage.AssetModels.Depths Riptide Octopus.Model.Models for egg.051.Models for egg.033
[MeshPart] ReplicatedStorage.AssetModels.Depths Riptide Octopus.Model.Models for egg.005
[MeshPart] ReplicatedStorage.AssetModels.Depths Riptide Octopus.Model.Models for egg.017
[MeshPart] ReplicatedStorage.AssetModels.Depths Riptide Octopus.Model.Models for egg.043
[Motor6D] ReplicatedStorage.AssetModels.Depths Riptide Octopus.Model.Models for egg.043.Models for egg.042
[Weld] ReplicatedStorage.AssetModels.Depths Riptide Octopus.Model.Models for egg.043.Models for egg.028
[MeshPart] ReplicatedStorage.AssetModels.Depths Riptide Octopus.Model.Models for egg.003
[Motor6D] ReplicatedStorage.AssetModels.Depths Riptide Octopus.Model.Models for egg.003.Models for egg.008
[Weld] ReplicatedStorage.AssetModels.Depths Riptide Octopus.Model.Models for egg.003.Models for egg.005
[Motor6D] ReplicatedStorage.AssetModels.Depths Riptide Octopus.Model.Models for egg.003.Models for egg.050
[Motor6D] ReplicatedStorage.AssetModels.Depths Riptide Octopus.Model.Models for egg.003.Models for egg.038
[Weld] ReplicatedStorage.AssetModels.Depths Riptide Octopus.Model.Models for egg.003.Models for egg.004
[Motor6D] ReplicatedStorage.AssetModels.Depths Riptide Octopus.Model.Models for egg.003.Models for egg.047
[Motor6D] ReplicatedStorage.AssetModels.Depths Riptide Octopus.Model.Models for egg.003.Models for egg.053
[Motor6D] ReplicatedStorage.AssetModels.Depths Riptide Octopus.Model.Models for egg.003.Models for egg.041
[Weld] ReplicatedStorage.AssetModels.Depths Riptide Octopus.Model.Models for egg.003.Models for egg.034
[Motor6D] ReplicatedStorage.AssetModels.Depths Riptide Octopus.Model.Models for egg.003.Models for egg.044
[Weld] ReplicatedStorage.AssetModels.Depths Riptide Octopus.Model.Models for egg.003.Models for egg.001
[Motor6D] ReplicatedStorage.AssetModels.Depths Riptide Octopus.Model.Models for egg.003.Models for egg.035
[Weld] ReplicatedStorage.AssetModels.Depths Riptide Octopus.Model.Models for egg.003.Models for egg.006
[MeshPart] ReplicatedStorage.AssetModels.Depths Riptide Octopus.Model.Models for egg.038
[Weld] ReplicatedStorage.AssetModels.Depths Riptide Octopus.Model.Models for egg.038.Models for egg.012
[Motor6D] ReplicatedStorage.AssetModels.Depths Riptide Octopus.Model.Models for egg.038.Models for egg.040
[MeshPart] ReplicatedStorage.AssetModels.Depths Riptide Octopus.Model.Models for egg.034
[MeshPart] ReplicatedStorage.AssetModels.Depths Riptide Octopus.Model.Models for egg.029
[MeshPart] ReplicatedStorage.AssetModels.Depths Riptide Octopus.Model.Models for egg.001
[MeshPart] ReplicatedStorage.AssetModels.Depths Riptide Octopus.Model.Models for egg.019
[Model] ReplicatedStorage.AssetModels.Ring Guard
[ModuleScript] ReplicatedStorage.Controllers.Game.AdminAbuseClientController.Events.CaptureTheEgg
[ModuleScript] ReplicatedStorage.Controllers.Game.AdminAbuseClientController.Events.DragonEggEvent
[Attachment] ReplicatedStorage.Controllers.Game.AdminAbuseClientController.Events.DragonEggEvent.CutscenePart1.CutsceneVFX.EggDrop
[Folder] ReplicatedStorage.Controllers.Game.AdminAbuseClientController.Events.MonsterEvent.Cutscene.CutsceneVFX.Eggs
[Part] ReplicatedStorage.Controllers.Game.AdminAbuseClientController.Events.MonsterEvent.Cutscene.CutsceneVFX.Eggs.Yeti.Egg
[Motor6D] ReplicatedStorage.Controllers.Game.AdminAbuseClientController.Events.MonsterEvent.Cutscene.CutsceneVFX.Eggs.Yeti.Egg.Egg
[Model] ReplicatedStorage.Controllers.Game.AdminAbuseClientController.Events.MonsterEvent.Cutscene.CutsceneVFX.Eggs.Nests
[Model] ReplicatedStorage.Controllers.Game.AdminAbuseClientController.Events.MonsterEvent.Cutscene.CutsceneVFX.Eggs.Nests.NestModel
[Part] ReplicatedStorage.Controllers.Game.AdminAbuseClientController.Events.MonsterEvent.Cutscene.CutsceneVFX.Eggs.Nests.NestModel.EggSpotBottom
[Part] ReplicatedStorage.Controllers.Game.AdminAbuseClientController.Events.MonsterEvent.Cutscene.CutsceneVFX.Eggs.Nests.NestModel.EggFitBounds
[Model] ReplicatedStorage.Controllers.Game.AdminAbuseClientController.Events.MonsterEvent.Cutscene.CutsceneVFX.Eggs.Nests.NestModel
[Part] ReplicatedStorage.Controllers.Game.AdminAbuseClientController.Events.MonsterEvent.Cutscene.CutsceneVFX.Eggs.Nests.NestModel.EggFitBounds
[Part] ReplicatedStorage.Controllers.Game.AdminAbuseClientController.Events.MonsterEvent.Cutscene.CutsceneVFX.Eggs.Nests.NestModel.EggSpotBottom
[Model] ReplicatedStorage.Controllers.Game.AdminAbuseClientController.Events.MonsterEvent.Cutscene.CutsceneVFX.Eggs.Nests.NestModel
[Part] ReplicatedStorage.Controllers.Game.AdminAbuseClientController.Events.MonsterEvent.Cutscene.CutsceneVFX.Eggs.Nests.NestModel.EggSpotBottom
[Part] ReplicatedStorage.Controllers.Game.AdminAbuseClientController.Events.MonsterEvent.Cutscene.CutsceneVFX.Eggs.Nests.NestModel.EggFitBounds
[Model] ReplicatedStorage.Controllers.Game.AdminAbuseClientController.Events.MonsterEvent.Cutscene.CutsceneVFX.Eggs.Nests.NestModel
[Part] ReplicatedStorage.Controllers.Game.AdminAbuseClientController.Events.MonsterEvent.Cutscene.CutsceneVFX.Eggs.Nests.NestModel.EggFitBounds
[Part] ReplicatedStorage.Controllers.Game.AdminAbuseClientController.Events.MonsterEvent.Cutscene.CutsceneVFX.Eggs.Nests.NestModel.EggSpotBottom
[Model] ReplicatedStorage.Controllers.Game.AdminAbuseClientController.Events.MonsterEvent.Cutscene.CutsceneVFX.Eggs.Nests.NestModel
[Part] ReplicatedStorage.Controllers.Game.AdminAbuseClientController.Events.MonsterEvent.Cutscene.CutsceneVFX.Eggs.Nests.NestModel.EggSpotBottom
[Part] ReplicatedStorage.Controllers.Game.AdminAbuseClientController.Events.MonsterEvent.Cutscene.CutsceneVFX.Eggs.Nests.NestModel.EggFitBounds
[ModuleScript] ReplicatedStorage.Controllers.Game.AdminAbuseClientController.Events.SammyEvent.SammyGuardSystem
[ModuleScript] ReplicatedStorage.Controllers.Game.AdminAbuseClientController.Events.ScrambleBoss
[ModuleScript] ReplicatedStorage.Controllers.Game.FuseMachineController
[ModuleScript] ReplicatedStorage.Controllers.Game.GuardAreasController
[ModuleScript] ReplicatedStorage.Controllers.Game.GuardAreasController.ForestGuardRuntime
[ModuleScript] ReplicatedStorage.Controllers.Game.GuardAreasController.GuardComponent
[ModuleScript] ReplicatedStorage.Controllers.Game.GuardAreasController.GuardEscapeSignController
[ModuleScript] ReplicatedStorage.Controllers.Game.GuardAreasController.GuardWakeLookAt
[ModuleScript] ReplicatedStorage.Controllers.Game.GuardAreasController.GuardTutorialController
[ModuleScript] ReplicatedStorage.Controllers.Game.GuardAreasController.GuardTutorialController.Steps.EquipEgg
[ModuleScript] ReplicatedStorage.Controllers.Game.GuardAreasController.GuardTutorialController.Steps.HatchEgg
[ModuleScript] ReplicatedStorage.Controllers.Game.GuardAreasController.GuardTutorialController.Steps.PlaceEgg
[ModuleScript] ReplicatedStorage.Controllers.Game.GuardAreasController.GuardTutorialController.Steps.StealEgg
[ModuleScript] ReplicatedStorage.Controllers.Game.AreaEggsController
[ModuleScript] ReplicatedStorage.Controllers.Game.AreaEggsController.AreaEggNearbyPulse
[ModuleScript] ReplicatedStorage.Controllers.Game.AreaEggsController.NestResolver
[ModuleScript] ReplicatedStorage.Controllers.Game.AreaEggsController.RareEggHighlight
[ModuleScript] ReplicatedStorage.Controllers.Game.AreaEggsController.WorkspaceEggVisibility
[ModuleScript] ReplicatedStorage.Controllers.Game.BossEventClientController
[Sound] ReplicatedStorage.Controllers.Game.BossEventClientController.BossArenaMusic
[ModuleScript] ReplicatedStorage.Controllers.Game.FuseBiomePortalController
[Folder] ReplicatedStorage.Controllers.Game.LightingController.Presets.RiftBoss
[ModuleScript] ReplicatedStorage.Controllers.Game.TreadmillAdPopupController.AdEggBoostClient
[Folder] ReplicatedStorage.Controllers.Game.Eggs
[ModuleScript] ReplicatedStorage.Controllers.Game.Eggs.EggPlacementController
[ModuleScript] ReplicatedStorage.Controllers.Game.Eggs.EggToolDisplayController
[ModuleScript] ReplicatedStorage.Controllers.Game.AreaReset.AreaEggResetCycleController
[ModuleScript] ReplicatedStorage.Controllers.GUI.FuseMachineController
[ModuleScript] ReplicatedStorage.Controllers.GUI.FuseMachineController.FuseMachineBackpackSelection
[ModuleScript] ReplicatedStorage.Controllers.GUI.FuseMachineController.FuseMachineProgressPresentation
[ModuleScript] ReplicatedStorage.Controllers.GUI.FuseMachineController.FuseMachineSelectedSlot
[ModuleScript] ReplicatedStorage.Controllers.GUI.FuseMachineController.FuseMachinePickerLayout
[ModuleScript] ReplicatedStorage.Controllers.GUI.GrowingEggListController
[ModuleScript] ReplicatedStorage.Controllers.GUI.AreaEggDropGuiController
[ModuleScript] ReplicatedStorage.Controllers.GUI.BossMasteryController
[ModuleScript] ReplicatedStorage.Controllers.GUI.Shops.BossShopController
[ModuleScript] ReplicatedStorage.Controllers.GUI.Shops.BossShopController.BossShopProductCard
[Folder] ReplicatedStorage.Controllers.GUI.GuardAreas
[ModuleScript] ReplicatedStorage.Controllers.GUI.Shop.LimitedEggController
[Folder] ReplicatedStorage.AdEggBoostRemotes
[RemoteEvent] ReplicatedStorage.AdEggBoostRemotes.AdEggBoostConfigResult
Egg/Boss matching objects: 784

==================================================
SCAN COMPLETE
==================================================